Frame count,Track ID,posy,posz,vely,velz,accy,accz,pointy0,pointz0,snr0,pointy1,pointz1,snr1,pointy2,pointz2,snr2,pointy3,pointz3,snr3,pointy4,pointz4,snr4,pointy5,pointz5,snr5,pointy6,pointz6,snr6,pointy7,pointz7,snr7,pointy8,pointz8,snr8,pointy9,pointz9,snr9,pointy10,pointz10,snr10,pointy11,pointz11,snr11,pointy12,pointz12,snr12,pointy13,pointz13,snr13,pointy14,pointz14,snr14,pointy15,pointz15,snr15,pointy16,pointz16,snr16,pointy17,pointz17,snr17,pointy18,pointz18,snr18,pointy19,pointz19,snr19,pointy20,pointz20,snr20,pointy21,pointz21,snr21,pointy22,pointz22,snr22,pointy23,pointz23,snr23,pointy24,pointz24,snr24,pointy25,pointz25,snr25,pointy26,pointz26,snr26,pointy27,pointz27,snr27,pointy28,pointz28,snr28,pointy29,pointz29,snr29,pointy30,pointz30,snr30,pointy31,pointz31,snr31,pointy32,pointz32,snr32,pointy33,pointz33,snr33,pointy34,pointz34,snr34,pointy35,pointz35,snr35,pointy36,pointz36,snr36,pointy37,pointz37,snr37,pointy38,pointz38,snr38,pointy39,pointz39,snr39,pointy40,pointz40,snr40,pointy41,pointz41,snr41,pointy42,pointz42,snr42,pointy43,pointz43,snr43,pointy44,pointz44,snr44,pointy45,pointz45,snr45,pointy46,pointz46,snr46,pointy47,pointz47,snr47,pointy48,pointz48,snr48,pointy49,pointz49,snr49
3.44,-1.64,13.5,3.46,-1.59,17.25
3.45,-1.62,13.25,3.46,-1.58,17.25
3.44,-1.64,13.5,3.45,-1.59,16.75
3.41,-1.66,12.5,3.45,-1.59,15.75
3.44,-1.63,13.25,3.45,-1.59,16.5
3.42,-1.66,13.0,3.44,-1.61,16.0
3.42,-1.66,12.5,3.45,-1.59,15.75
3.13,-0.54,14.25,3.14,-0.6,13.5,3.09,-0.39,15.5
3.03,-0.68,14.25,3.12,-0.51,22.25,3.21,-0.71,12.0,3.07,-0.43,15.75
3.04,-0.52,16.75,3.08,-0.56,22.0,3.1,-0.59,19.25,3.12,-0.52,22.0,3.03,-0.48,15.5
3.07,-0.78,12.25,3.04,-0.66,15.0,3.0,-0.57,15.5
3.01,-0.78,19.5,3.05,-0.75,25.75,3.08,-0.74,23.5,3.0,-0.56,17.5,3.1,-0.52,23.0
13,0,3.11,-0.76,-0.19,0.05,0.0,0.0,3.19,-0.95,12.5,3.18,-0.95,12.25,3.01,-0.62,18.0,3.05,-0.64,22.25,3.1,-0.65,20.75
14,0,3.09,-0.75,-0.18,0.07,-0.0,0.0,3.0,-0.62,18.5,3.01,-0.62,21.25,3.06,-0.59,16.25
15,0,3.07,-0.74,-0.18,0.1,0.0,0.01,3.01,-0.54,22.25,3.01,-0.64,25.5,3.03,-0.68,19.25,3.04,-0.67,24.75,3.08,-0.64,21.25
16,0,3.05,-0.76,-0.21,-0.0,-0.0,-0.02,2.81,-0.96,17.5,2.9,-0.88,28.0,2.92,-0.84,29.25,2.98,-0.87,21.25
17,0,3.02,-0.76,-0.22,-0.01,-0.0,-0.03,2.8,-0.87,16.0,2.91,-0.73,23.25,2.94,-0.68,23.0,3.01,-0.73,14.5
18,0,2.98,-0.88,-0.26,-0.28,-0.03,-0.16,3.07,-1.63,14.75,3.28,-1.6,12.75,2.95,-1.29,12.5,3.51,-1.48,13.5,2.85,-0.66,13.5,2.89,-0.72,20.5,2.91,-0.74,18.75,3.05,-0.69,20.25
19,0,2.95,-0.89,-0.27,-0.26,-0.04,-0.14,2.95,-0.89,15.25,2.84,-0.8,19.5,2.87,-0.81,27.0,2.88,-0.82,25.75
20,0,2.93,-1.02,-0.23,-0.49,0.1,-0.34,2.98,-1.67,13.75,3.03,-1.44,12.5,2.67,-0.89,13.75,2.67,-0.99,14.25,3.0,-1.49,13.25,3.52,-1.56,12.0
21,0,2.95,-0.97,-0.1,-0.36,0.28,-0.23,2.83,-0.68,17.75,3.03,-0.79,14.5,2.91,-0.64,24.25,2.94,-0.63,23.0
22,0,2.96,-1.02,-0.02,-0.41,0.35,-0.26,2.95,-1.6,17.25,3.07,-1.56,19.75,3.16,-1.52,14.25,2.97,-0.34,18.25,3.0,-0.44,17.5,3.49,-1.57,12.5
23,0,2.96,-1.05,0.03,-0.41,0.36,-0.24,2.76,-1.0,13.25,2.94,-0.87,12.75,3.27,-1.54,13.5,3.44,-1.62,13.25
24,0,2.99,-1.02,0.11,-0.31,0.41,-0.12,2.93,-1.67,12.25,2.95,-0.73,22.0,2.99,-0.68,24.0,3.04,-0.8,18.25,3.25,-1.56,13.0
25,0,3.0,-1.05,0.14,-0.31,0.39,-0.1,3.09,-1.51,14.25,2.87,-1.01,13.25,2.97,-0.88,17.0,3.12,-0.84,13.0,3.28,-1.42,12.0
26,0,3.0,-1.12,0.13,-0.38,0.33,-0.16,3.12,-1.42,17.25,3.2,-1.48,13.5,2.85,-1.08,17.0,3.05,-1.15,18.25,2.94,-1.03,20.75,3.26,-1.56,13.25,3.39,-1.71,13.25,3.11,-1.36,15.25
27,0,3.01,-1.12,0.17,-0.32,0.33,-0.08,2.89,-0.99,18.0,2.93,-0.98,21.25,3.02,-0.97,16.75,3.11,-1.43,16.0,3.28,-1.45,13.0
28,0,3.05,-1.05,0.24,-0.13,0.36,0.1,2.96,-0.82,21.5,2.98,-0.77,25.0,3.05,-0.65,19.5,3.3,-1.43,13.25
29,0,3.09,-0.99,0.3,0.01,0.38,0.22,3.11,-0.78,15.0,3.09,-0.61,16.25,3.28,-1.47,13.0
30,0,3.15,-0.85,0.39,0.28,0.4,0.43,3.13,-0.66,18.75,3.03,-0.41,14.5,3.12,-0.48,20.5,3.3,-1.4,12.75,2.86,-1.01,21.75,2.93,-0.95,25.0
31,0,3.14,-0.88,0.32,0.22,0.29,0.36,2.71,-1.14,14.0,2.98,-0.75,13.75,2.86,-1.01,21.5,2.93,-0.93,24.5,3.0,-0.99,20.0
32,0,3.11,-0.91,0.22,0.17,0.16,0.3,2.77,-1.02,15.0,2.9,-0.92,13.0,2.85,-1.02,21.5
33,0,3.09,-0.89,0.16,0.21,0.06,0.32,2.89,-0.88,15.75,2.95,-0.82,16.75
34,0,3.1,-0.87,0.0,0.0,0.0,0.0,3.03,-1.49,13.75
36,0,3.09,-0.86,-0.02,0.01,-0.03,0.01,2.99,-0.82,15.0,3.08,-1.35,13.25,2.85,-0.99,21.0,2.93,-0.91,23.75,3.01,-0.98,20.0
37,0,3.09,-0.86,-0.02,0.01,-0.03,0.01,3.35,-1.36,12.0
38,0,3.09,-0.86,-0.02,0.01,-0.03,0.01,2.84,-1.05,20.0
39,0,3.09,-0.86,-0.02,0.01,-0.03,0.01,3.11,-1.32,12.75,3.04,-0.85,19.25
40,0,3.09,-0.86,-0.02,0.01,-0.03,0.01,3.08,-0.77,19.0
41,0,3.09,-0.85,-0.03,0.04,-0.04,0.03,3.05,-0.75,13.0,3.18,-1.1,13.25,3.09,-0.78,19.75
42,0,3.09,-0.85,-0.03,0.04,-0.04,0.03,3.16,-1.14,13.25,3.09,-0.77,20.0
43,0,3.08,-0.82,-0.06,0.08,-0.08,0.07,2.99,-0.76,13.5,3.04,-0.76,19.0,3.07,-0.77,16.5,3.16,-1.07,12.25,2.93,-0.82,18.25,3.03,-0.7,23.0,3.08,-0.75,20.25
44,0,3.08,-0.82,-0.06,0.08,-0.08,0.07,2.91,-0.87,17.0,3.04,-0.68,22.5,3.08,-0.7,19.5
45,0,3.09,-0.82,-0.02,0.07,-0.02,0.06,2.97,-0.79,16.0,3.0,-0.8,19.75,3.04,-0.77,15.5,2.88,-0.86,13.5,3.1,-0.71,17.5,3.05,-0.68,19.5
46,0,3.09,-0.82,-0.02,0.07,-0.02,0.06,2.88,-0.91,16.25,3.03,-0.74,21.25,3.1,-0.72,19.25
47,0,3.09,-0.82,-0.02,0.07,-0.02,0.06,2.86,-0.98,15.0,3.03,-0.78,20.0,3.09,-0.76,18.75
48,0,3.09,-0.82,-0.02,0.07,-0.02,0.06,2.99,-0.85,20.75,3.08,-0.8,18.75
49,0,3.09,-0.82,-0.02,0.07,-0.02,0.06,3.0,-0.79,20.5,3.09,-0.75,18.0
50,0,3.09,-0.82,-0.02,0.07,-0.02,0.06,3.01,-0.77,21.5,3.09,-0.74,19.0
51,0,3.09,-0.82,-0.02,0.07,-0.02,0.06,2.87,-0.92,16.25,3.15,-1.17,12.0,3.03,-0.73,21.0,3.11,-0.71,18.75
52,0,3.09,-0.82,-0.02,0.07,-0.02,0.06,3.16,-1.18,12.5,2.88,-0.94,17.0,3.0,-0.82,21.5
53,0,3.09,-0.82,-0.02,0.07,-0.02,0.06,2.88,-0.96,18.5,3.14,-1.15,12.75,3.0,-0.82,22.5,3.09,-0.74,20.0
54,0,3.09,-0.82,-0.02,0.07,-0.02,0.06,3.12,-1.28,12.75,2.85,-1.05,17.25,3.02,-0.79,21.0,3.12,-0.73,18.5
55,0,3.09,-0.82,-0.02,0.07,-0.02,0.06,2.9,-0.98,15.0,3.02,-0.84,20.25,3.12,-0.71,18.0
56,0,3.09,-0.82,-0.02,0.07,-0.02,0.06,2.99,-0.75,17.0,3.04,-0.69,22.0,3.09,-0.68,19.0
57,0,3.09,-0.82,-0.02,0.07,-0.02,0.06,3.0,-0.7,17.0,3.08,-0.71,19.25,3.05,-0.67,22.5
58,0,3.09,-0.82,-0.02,0.07,-0.02,0.06,2.99,-0.77,21.25,3.03,-0.73,25.75,3.07,-0.68,22.5
59,0,3.09,-0.82,-0.02,0.07,-0.02,0.06,3.02,-0.68,21.0,3.05,-0.67,26.25,3.08,-0.65,23.0
60,0,3.09,-0.82,-0.02,0.07,-0.02,0.06,3.0,-0.74,20.5,3.04,-0.7,25.75,3.07,-0.67,22.75
61,0,3.09,-0.82,-0.02,0.07,-0.02,0.06,3.0,-0.73,20.5,3.03,-0.71,25.5,3.06,-0.7,22.5
62,0,3.09,-0.82,-0.02,0.07,-0.02,0.06,3.06,-0.69,22.5
65,0,3.09,-0.82,-0.02,0.07,-0.02,0.06,3.05,-0.74,21.5
66,0,3.09,-0.82,-0.02,0.07,-0.02,0.06,2.97,-0.8,16.75,3.0,-0.78,21.25,3.05,-0.76,18.0
67,0,3.09,-0.82,-0.02,0.07,-0.02,0.06,2.96,-0.82,14.5,3.0,-0.8,19.0,3.07,-0.76,16.5
68,0,3.09,-0.82,-0.02,0.07,-0.02,0.06,2.99,-0.82,19.0,3.06,-0.78,15.75
69,0,3.09,-0.82,-0.02,0.07,-0.02,0.06,3.01,-0.74,18.0,3.08,-0.73,14.75
70,0,3.09,-0.82,-0.02,0.07,-0.02,0.06,3.04,-0.67,17.75,3.09,-0.67,15.0
71,0,3.09,-0.82,-0.02,0.07,-0.02,0.06,3.03,-0.65,18.25,3.09,-0.67,14.75
72,0,3.09,-0.82,-0.02,0.07,-0.02,0.06,2.96,-0.81,14.25,3.03,-0.73,18.5,3.08,-0.76,15.5
73,0,3.09,-0.82,-0.02,0.07,-0.02,0.06,3.06,-0.85,16.5
74,0,3.09,-0.82,-0.02,0.07,-0.02,0.06,3.05,-0.92,16.75
75,0,3.09,-0.82,-0.02,0.07,-0.02,0.06,2.89,-0.97,12.5,3.05,-0.95,14.0
77,0,3.09,-0.82,-0.02,0.07,-0.02,0.06,2.9,-0.97,13.75
78,0,3.09,-0.82,-0.02,0.07,-0.02,0.06,2.9,-0.95,13.5
85,0,3.09,-0.82,-0.02,0.07,-0.02,0.06,2.98,-0.76,16.0,3.02,-0.8,20.75,3.07,-0.86,17.75
86,0,3.09,-0.82,-0.02,0.07,-0.02,0.06,3.15,-1.17,12.0,2.96,-0.83,18.0,3.0,-0.84,22.25,3.06,-0.87,18.75
87,0,3.09,-0.82,-0.02,0.07,-0.02,0.06,2.96,-0.82,17.5,3.0,-0.83,21.25,3.05,-0.86,17.75
88,0,3.09,-0.82,-0.02,0.07,-0.02,0.06,2.97,-0.74,17.0,3.0,-0.74,19.75,3.07,-0.78,15.25
89,0,3.09,-0.82,-0.02,0.07,-0.02,0.06,3.07,-0.73,13.5,2.98,-0.65,17.0,3.0,-0.66,19.5
90,0,3.09,-0.82,-0.02,0.07,-0.02,0.06,3.04,-0.79,13.0,2.97,-0.68,17.0,2.99,-0.67,19.25
91,0,3.09,-0.82,-0.02,0.07,-0.02,0.06,3.01,-0.69,20.25,3.07,-0.74,15.25,2.99,-0.66,17.5
92,0,3.09,-0.82,-0.02,0.07,-0.02,0.06,3.01,-0.57,17.0,3.03,-0.57,20.25
93,0,3.09,-0.82,-0.02,0.07,-0.02,0.06,3.03,-0.54,15.75,3.04,-0.55,19.5
94,0,3.09,-0.82,-0.02,0.07,-0.02,0.06,3.03,-0.46,13.0,3.07,-0.48,17.0
95,0,3.09,-0.82,-0.02,0.07,-0.02,0.06,3.04,-0.42,12.75,3.09,-0.38,16.75
96,0,3.09,-0.82,-0.02,0.07,-0.02,0.06,3.07,-0.5,18.0,3.05,-0.46,14.0
99,0,3.09,-0.82,-0.02,0.07,-0.02,0.06,2.97,-0.86,14.5,3.02,-0.84,19.75,3.04,-0.88,17.5
100,0,3.09,-0.82,-0.02,0.07,-0.02,0.06,2.95,-0.9,12.75,3.03,-0.94,16.25,3.0,-0.89,18.5
101,0,3.09,-0.82,-0.02,0.07,-0.02,0.06,2.93,-0.95,12.25,2.97,-0.98,17.25,3.02,-1.04,15.5
102,0,3.09,-0.82,-0.02,0.07,-0.02,0.06,2.93,-0.96,14.25,2.97,-0.99,19.25,3.02,-1.01,17.5
103,0,3.09,-0.82,-0.02,0.07,-0.02,0.06,3.1,-1.18,12.25,2.94,-0.94,16.75,2.98,-0.94,21.25,3.03,-1.0,18.75
104,0,3.09,-0.82,-0.02,0.07,-0.02,0.06,2.97,-0.8,18.75,3.0,-0.82,22.5,3.05,-0.88,19.25
105,0,3.09,-0.82,-0.02,0.07,-0.02,0.06,2.97,-0.76,18.75,3.0,-0.77,21.75,3.05,-0.84,18.0
106,0,3.09,-0.82,-0.02,0.07,-0.02,0.06,2.96,-0.79,17.75,2.98,-0.82,20.75,3.03,-0.88,16.25
107,0,3.09,-0.82,-0.02,0.07,-0.02,0.06,3.02,-0.92,14.0,2.94,-0.85,16.0,2.96,-0.87,18.75
108,0,3.09,-0.82,-0.02,0.07,-0.02,0.06,2.96,-0.89,17.0,3.02,-0.96,12.25,2.95,-0.81,14.25
109,0,3.09,-0.82,-0.02,0.07,-0.02,0.06,2.95,-0.76,12.25,2.99,-0.8,15.25
111,0,3.09,-0.82,-0.02,0.07,-0.02,0.06,2.96,-0.77,12.75,3.0,-0.8,16.25
112,0,3.09,-0.82,-0.02,0.07,-0.02,0.06,2.95,-0.83,12.5,3.0,-0.86,16.75,3.07,-0.84,13.5
113,0,3.09,-0.82,-0.02,0.07,-0.02,0.06,2.95,-0.8,12.25,3.01,-0.8,16.25,3.08,-0.8,13.0
114,0,3.09,-0.82,-0.02,0.07,-0.02,0.06,3.02,-0.78,16.0,3.09,-0.78,12.75
115,0,3.09,-0.82,-0.02,0.07,-0.02,0.06,3.04,-0.71,16.25,3.09,-0.76,13.25
116,0,3.09,-0.82,-0.02,0.07,-0.02,0.06,2.99,-0.7,13.0,3.03,-0.74,17.25,3.08,-0.8,14.25
117,0,3.09,-0.82,-0.02,0.07,-0.02,0.06,2.95,-0.87,19.75,2.99,-0.84,24.25,3.03,-0.86,20.5
118,0,3.09,-0.82,-0.02,0.07,-0.02,0.06,2.96,-0.86,21.0,2.98,-0.86,25.25,3.03,-0.88,21.5
119,0,3.09,-0.82,-0.02,0.07,-0.02,0.06,2.96,-0.82,19.0,2.99,-0.84,23.0,3.03,-0.88,19.75
120,0,3.09,-0.82,-0.02,0.07,-0.02,0.06,2.97,-0.83,18.25,3.0,-0.81,23.0,3.04,-0.85,20.0
121,0,3.09,-0.82,-0.02,0.07,-0.02,0.06,2.98,-0.82,18.75,3.0,-0.81,23.5,3.04,-0.84,20.75
122,0,3.09,-0.82,-0.02,0.07,-0.02,0.06,2.98,-0.78,18.25,3.01,-0.79,22.75,3.04,-0.85,20.0
125,0,3.09,-0.82,-0.02,0.07,-0.02,0.06,3.05,-0.68,16.0,3.09,-0.69,13.75
126,0,3.09,-0.82,-0.02,0.07,-0.02,0.06,3.01,-0.79,15.75,3.07,-0.81,13.0
127,0,3.09,-0.82,-0.02,0.07,-0.02,0.06,3.08,-0.75,13.0,3.05,-0.67,16.25
128,0,3.09,-0.82,-0.02,0.07,-0.02,0.06,2.97,-0.72,13.25
129,0,3.09,-0.82,-0.02,0.07,-0.02,0.06,2.95,-0.92,13.0
130,0,3.09,-0.82,-0.02,0.07,-0.02,0.06,2.94,-1.03,13.75
131,0,3.09,-0.82,-0.02,0.07,-0.02,0.06,2.94,-1.04,12.0
132,0,3.09,-0.82,-0.02,0.07,-0.02,0.06,2.97,-0.75,13.0,3.02,-0.8,17.25,3.07,-0.85,15.0
133,0,3.09,-0.82,-0.02,0.07,-0.02,0.06,2.98,-0.74,15.5,3.02,-0.76,19.75,3.06,-0.84,17.0
134,0,3.09,-0.82,-0.02,0.07,-0.02,0.06,2.97,-0.82,16.5,3.0,-0.83,20.75,3.04,-0.88,17.75
135,0,3.09,-0.82,-0.02,0.07,-0.02,0.06,3.03,-0.9,18.75,2.96,-0.86,17.75,2.99,-0.86,22.0
136,0,3.09,-0.82,-0.02,0.07,-0.02,0.06,2.97,-0.83,19.0,3.0,-0.84,23.25,3.03,-0.88,20.0
137,0,3.09,-0.82,-0.02,0.07,-0.02,0.06,3.02,-0.9,19.5,2.97,-0.84,18.75,3.0,-0.85,23.0
138,0,3.09,-0.82,-0.02,0.07,-0.02,0.06,2.96,-0.88,16.5,2.99,-0.88,21.0,3.03,-0.88,17.75
139,0,3.09,-0.82,-0.02,0.07,-0.02,0.06,2.96,-0.88,13.5,3.02,-0.83,18.5,3.07,-0.8,16.0
140,0,3.09,-0.82,-0.02,0.07,-0.02,0.06,2.96,-0.93,13.75,3.02,-0.89,20.25,3.07,-0.87,18.75
141,0,3.09,-0.82,-0.01,0.07,-0.0,0.05,3.02,-0.84,14.75,3.03,-0.91,20.25,2.98,-0.86,17.5,3.0,-0.87,22.75
142,0,3.07,-0.84,-0.04,0.05,-0.03,0.04,2.76,-1.0,12.25,2.96,-0.85,16.0,3.01,-0.84,21.25,3.05,-0.86,19.0
143,0,3.07,-0.84,-0.04,0.05,-0.03,0.04,2.95,-0.87,15.75,3.02,-0.79,20.5,3.07,-0.79,18.75
144,0,3.07,-0.84,-0.04,0.05,-0.03,0.04,2.94,-0.88,16.75,3.02,-0.81,22.5,3.06,-0.78,20.25
145,0,3.06,-0.9,0.0,-0.07,0.06,-0.06,2.69,-1.04,13.0,2.72,-1.09,17.0,2.76,-1.14,13.0,3.03,-0.79,19.5
148,0,3.06,-0.9,0.0,-0.07,0.06,-0.06,2.9,-0.87,15.25
149,0,3.06,-0.9,0.0,-0.07,0.06,-0.06,2.85,-0.93,13.0,3.06,-0.55,17.5
150,0,3.06,-0.9,0.0,-0.07,0.06,-0.06,2.91,-0.78,12.5,3.07,-0.52,17.25
151,0,3.06,-0.9,0.0,-0.07,0.06,-0.06,2.88,-0.86,14.0
154,0,3.06,-0.9,0.0,-0.07,0.06,-0.06,3.1,-0.53,17.75,3.14,-0.55,16.0
155,0,3.06,-0.9,0.0,-0.07,0.06,-0.06,3.07,-0.44,14.25
157,0,3.06,-0.9,0.0,-0.07,0.06,-0.06,3.05,-0.52,13.5
158,0,3.06,-0.9,0.0,-0.07,0.06,-0.06,3.05,-0.56,13.25
160,0,3.06,-0.88,0.0,-0.03,0.06,-0.03,3.11,-0.47,12.75,3.05,-0.5,14.0
161,0,3.06,-0.88,0.0,-0.03,0.06,-0.03,3.11,-0.62,17.75
162,0,3.06,-0.88,0.0,-0.03,0.06,-0.03,3.01,-0.6,12.25,3.06,-0.66,18.5,3.11,-0.66,16.75
164,0,3.07,-0.85,0.01,0.02,0.05,0.01,3.1,-0.27,12.75
165,0,3.07,-0.85,0.01,0.02,0.05,0.01,2.99,-0.59,13.75,3.05,-0.55,17.75,3.13,-0.52,14.75
166,0,3.07,-0.85,0.01,0.02,0.05,0.01,2.99,-0.59,15.75,3.03,-0.52,19.25
167,0,3.07,-0.85,0.01,0.02,0.05,0.01,2.95,-0.75,15.0,3.0,-0.74,18.75,3.11,-0.59,15.25
168,0,3.07,-0.85,0.01,0.02,0.05,0.01,2.94,-0.77,15.5,3.01,-0.71,19.0,3.12,-0.59,16.0
169,0,3.07,-0.85,0.01,0.02,0.05,0.01,3.02,-0.62,16.0,3.04,-0.67,21.0,3.09,-0.63,17.75
170,0,3.07,-0.85,0.01,0.02,0.05,0.01,3.01,-0.65,17.0,3.05,-0.64,22.25,3.09,-0.63,18.75
171,0,3.07,-0.85,0.01,0.02,0.05,0.01,3.01,-0.7,16.5,3.04,-0.69,21.5
172,0,3.07,-0.85,0.01,0.02,0.05,0.01,3.0,-0.73,16.5,3.03,-0.73,21.5
173,0,3.07,-0.85,0.01,0.02,0.05,0.01,3.03,-0.63,16.5
174,0,3.07,-0.85,0.01,0.02,0.05,0.01,3.0,-0.71,15.0
176,0,3.07,-0.85,0.01,0.02,0.05,0.01,3.05,-0.7,23.25,3.01,-0.68,18.0,3.09,-0.66,20.75
177,0,3.07,-0.85,0.01,0.02,0.05,0.01,3.03,-0.64,17.5,3.07,-0.64,23.25
178,0,3.07,-0.85,0.01,0.02,0.05,0.01,2.99,-0.72,17.5
179,0,3.06,-0.86,-0.01,0.01,0.04,-0.01,2.76,-1.03,12.0,2.97,-0.79,17.75,3.06,-0.68,22.25
180,0,3.05,-0.87,-0.02,-0.01,0.03,-0.02,2.76,-1.04,14.0
181,0,3.05,-0.87,-0.02,-0.01,0.03,-0.02,3.03,-0.74,24.0,3.09,-0.66,21.0
182,0,3.03,-0.89,-0.03,-0.05,0.04,-0.05,2.69,-1.02,12.75,2.72,-1.05,16.0,2.97,-0.8,19.75,3.05,-0.71,25.0,3.09,-0.64,22.0
183,0,3.03,-0.89,-0.03,-0.05,0.04,-0.05,2.92,-0.87,18.25,3.04,-0.73,23.5,3.08,-0.71,21.0
184,0,3.03,-0.89,-0.03,-0.05,0.04,-0.05,2.9,-0.91,18.5,3.0,-0.82,22.5,3.07,-0.77,19.5
185,0,3.03,-0.89,-0.02,-0.06,0.05,-0.06,2.8,-0.94,12.0,2.73,-1.03,12.25,2.88,-0.93,19.5,2.99,-0.83,22.75,3.06,-0.79,19.5
186,0,3.03,-0.89,-0.0,-0.06,0.09,-0.07,2.77,-1.05,13.5,3.11,-0.77,15.0,3.06,-0.67,15.5,2.89,-0.92,18.0,3.0,-0.84,21.75,3.06,-0.82,18.75
187,0,3.03,-0.89,-0.0,-0.06,0.09,-0.07,2.88,-0.93,15.75,3.01,-0.8,19.5,3.08,-0.86,17.5
188,0,3.04,-0.89,0.0,-0.05,0.1,-0.06,3.03,-0.79,13.75,3.04,-0.69,23.25,3.08,-0.68,19.75
190,0,3.04,-0.89,0.0,-0.05,0.1,-0.06,2.92,-0.84,19.25
191,0,3.04,-0.89,0.0,-0.05,0.1,-0.06,2.94,-0.8,17.75,3.0,-0.74,20.75
192,0,3.04,-0.89,0.0,-0.05,0.1,-0.06,2.9,-0.88,17.0,3.0,-0.77,20.5
193,0,3.04,-0.88,0.01,-0.05,0.1,-0.07,3.0,-0.82,14.25,3.08,-1.3,12.0,2.94,-0.83,19.75,3.07,-0.75,20.25
194,0,3.03,-0.9,-0.01,-0.07,0.09,-0.08,2.81,-1.07,14.0,2.89,-1.03,14.5,3.12,-1.11,12.75,2.94,-0.84,19.0,3.08,-0.76,21.75
195,0,3.03,-0.9,-0.01,-0.07,0.09,-0.08,3.16,-1.02,14.75,2.94,-0.86,19.25,3.1,-0.74,23.0
196,0,3.03,-0.9,-0.01,-0.07,0.09,-0.08,3.16,-1.0,14.25,2.94,-0.85,18.75,3.05,-0.76,24.75,3.09,-0.76,23.0
197,0,3.03,-0.9,-0.01,-0.07,0.09,-0.08,3.12,-1.13,14.75,2.93,-0.87,18.75,3.04,-0.77,24.25,3.08,-0.8,22.75
198,0,3.03,-0.9,-0.01,-0.07,0.09,-0.08,2.92,-0.89,18.5,3.14,-1.11,14.75,3.04,-0.79,24.5,3.08,-0.8,23.0
199,0,3.03,-0.9,-0.01,-0.07,0.09,-0.08,3.13,-1.04,14.75
200,0,3.03,-0.9,-0.01,-0.07,0.09,-0.08,3.14,-0.97,14.5
202,0,3.03,-0.9,-0.01,-0.07,0.09,-0.08,2.94,-0.88,14.5
203,0,3.03,-0.9,-0.01,-0.07,0.09,-0.08,3.16,-1.24,13.25,2.9,-0.95,13.75,3.05,-0.73,19.0,3.12,-0.8,17.75
204,0,3.03,-0.9,-0.01,-0.07,0.09,-0.08,3.16,-1.13,14.75,2.95,-0.88,14.5,3.07,-0.75,20.75,3.13,-0.77,20.25
205,0,3.03,-0.9,-0.01,-0.07,0.09,-0.08,3.11,-1.32,14.5,2.9,-0.95,14.25,3.08,-0.65,19.5,3.14,-0.71,19.0
206,0,3.03,-0.9,-0.01,-0.07,0.09,-0.08,3.16,-1.22,15.0,2.92,-0.89,14.75,3.05,-0.77,20.0,3.14,-0.74,19.0
207,0,3.03,-0.9,-0.01,-0.07,0.09,-0.08,3.13,-1.28,15.75,2.93,-0.88,14.5,3.06,-0.75,20.25,3.13,-0.8,19.5
208,0,3.03,-0.9,-0.01,-0.07,0.09,-0.08,3.17,-1.24,14.5,2.86,-1.02,13.0,3.06,-0.75,17.5,3.16,-0.75,17.25
209,0,3.03,-0.9,-0.01,-0.07,0.09,-0.08,3.18,-1.3,13.25,2.87,-0.91,12.5,3.08,-0.57,16.5,3.18,-0.6,15.5
210,0,3.03,-0.9,-0.01,-0.07,0.09,-0.08,3.09,-0.63,16.75,3.15,-0.65,15.5
211,0,3.03,-0.9,-0.01,-0.07,0.09,-0.08,3.0,-0.67,14.25,3.08,-0.6,20.25,3.11,-0.57,17.5
212,0,3.03,-0.9,-0.01,-0.07,0.09,-0.08,3.01,-0.66,15.75,3.06,-0.63,21.0,3.09,-0.64,17.75
213,0,3.02,-0.9,-0.02,-0.08,0.08,-0.08,2.73,-1.06,13.0,2.93,-0.79,15.0,3.08,-0.76,15.5,3.03,-0.67,18.75
214,0,3.02,-0.9,-0.02,-0.08,0.08,-0.08,2.9,-0.88,14.5,3.02,-0.75,18.5,3.09,-0.78,16.0
215,0,3.01,-0.91,-0.03,-0.09,0.06,-0.09,2.78,-1.0,13.0,2.89,-1.04,12.75,2.9,-0.79,13.5,3.01,-0.7,16.75,3.12,-0.63,13.0
216,0,3.01,-0.91,-0.03,-0.09,0.06,-0.09,2.9,-0.78,12.25,3.03,-0.71,16.5,3.12,-0.82,15.0
217,0,3.01,-0.91,-0.03,-0.09,0.06,-0.09,3.15,-1.36,12.25,2.89,-0.82,13.0,3.13,-0.77,15.0,3.05,-0.63,17.0
218,0,3.01,-0.91,-0.03,-0.09,0.07,-0.1,2.76,-0.89,13.75,2.88,-0.86,15.75,3.01,-0.77,19.25,3.09,-0.84,17.0
219,0,3.0,-0.92,-0.02,-0.11,0.1,-0.11,2.81,-0.97,15.5,2.91,-0.97,16.0,2.86,-0.88,16.25,3.01,-0.75,20.0,3.09,-0.82,17.25
220,0,3.0,-0.92,-0.02,-0.11,0.1,-0.11,2.68,-1.0,12.25,2.83,-0.94,16.25,3.01,-0.78,19.5,3.1,-0.83,17.75
221,0,3.0,-0.92,-0.02,-0.11,0.1,-0.11,2.86,-0.87,15.75,3.03,-0.74,19.5,3.12,-0.79,18.25
222,0,3.0,-0.92,-0.03,-0.11,0.09,-0.11,2.86,-0.97,14.25,2.96,-0.88,16.5,3.07,-0.84,13.0,3.01,-0.8,21.5,3.1,-0.83,19.5
223,0,3.0,-0.91,-0.02,-0.1,0.1,-0.11,3.03,-0.75,13.75,3.01,-0.78,22.0,3.1,-0.82,20.0
224,0,2.99,-0.94,-0.03,-0.15,0.1,-0.15,2.62,-1.46,14.25,2.67,-1.43,13.75,3.39,-1.63,12.25,3.31,-1.48,15.25,2.99,-0.82,21.0,3.11,-0.79,18.75
225,0,2.99,-0.94,-0.03,-0.15,0.1,-0.15,2.97,-0.88,20.75,2.97,-0.89,21.0
226,0,2.99,-0.94,-0.03,-0.15,0.1,-0.15,2.83,-0.98,16.25,2.99,-0.8,20.75
227,0,2.99,-0.94,-0.03,-0.15,0.1,-0.15,2.9,-0.85,15.25,3.0,-0.8,20.75
228,0,2.99,-0.94,-0.03,-0.15,0.1,-0.15,2.9,-0.89,15.75,3.03,-0.76,22.25,3.09,-0.82,20.0
229,0,2.99,-0.94,-0.03,-0.15,0.1,-0.15,2.87,-0.98,17.75,3.09,-0.82,20.75
230,0,3.0,-0.92,-0.02,-0.13,0.11,-0.13,2.95,-0.75,15.75,3.03,-0.68,19.0,3.08,-0.64,15.0,3.13,-1.42,14.75,3.26,-1.51,15.0,2.89,-0.89,17.25,3.0,-0.79,21.75,3.09,-0.81,18.25
231,0,3.0,-0.92,-0.01,-0.12,0.12,-0.13,2.86,-0.96,14.25,2.98,-0.83,16.5,3.07,-0.74,12.25,3.26,-1.54,13.25,3.12,-1.34,13.25,2.93,-0.83,19.25,2.99,-0.8,23.0,3.06,-0.85,19.0
232,0,3.0,-0.91,-0.0,-0.11,0.13,-0.12,2.93,-0.8,14.75,3.05,-0.71,18.75,3.07,-0.86,17.0,3.24,-1.55,12.75,2.93,-0.83,19.25,2.99,-0.79,22.75
233,0,3.0,-0.91,-0.0,-0.11,0.13,-0.12,2.94,-0.81,19.0,3.0,-0.79,23.0
234,0,3.0,-0.91,-0.0,-0.1,0.13,-0.11,3.07,-0.55,14.0
236,0,3.01,-0.89,0.01,-0.08,0.15,-0.1,3.0,-0.65,12.5,3.1,-0.55,18.0,3.14,-0.64,16.5
238,0,3.01,-0.88,0.01,-0.07,0.14,-0.09,3.08,-0.56,14.25
239,0,3.01,-0.88,0.0,-0.05,0.13,-0.07,3.07,-0.66,15.0,3.11,-0.69,12.75
240,0,3.01,-0.87,-0.0,-0.04,0.12,-0.06,2.92,-0.77,13.0,3.02,-0.66,15.25,3.1,-0.61,20.25,3.11,-0.68,19.5
241,0,3.01,-0.86,0.0,-0.02,0.12,-0.05,2.97,-0.74,12.5,3.06,-0.67,17.5,3.08,-0.65,14.5,3.11,-0.59,19.25,3.12,-0.67,18.5
243,0,3.01,-0.85,-0.0,-0.01,0.11,-0.04,3.09,-0.58,15.0,3.14,-0.56,13.25
244,0,3.01,-0.85,0.01,-0.01,0.13,-0.04,2.88,-0.86,13.0,2.95,-0.85,15.0
245,0,3.01,-0.85,0.01,-0.0,0.13,-0.04,3.09,-0.56,12.5
246,0,3.01,-0.85,0.01,-0.0,0.13,-0.04,3.02,-0.81,12.25
248,0,3.01,-0.84,0.01,0.01,0.12,-0.03,2.99,-0.62,13.25,3.01,-0.69,16.25,3.12,-1.15,15.0
249,0,3.01,-0.85,0.0,-0.0,0.12,-0.04,2.79,-1.08,12.5,2.9,-0.98,13.25,3.13,-1.17,15.75,2.96,-0.82,20.25
250,0,3.01,-0.85,-0.0,-0.01,0.12,-0.04,2.91,-1.03,13.5,3.14,-1.21,15.0,2.96,-0.77,18.5,3.04,-0.71,23.5,3.1,-0.72,20.75
251,0,3.01,-0.85,-0.0,-0.01,0.12,-0.04,3.12,-1.12,14.5
252,0,3.01,-0.85,-0.0,-0.01,0.12,-0.04,3.13,-1.08,15.0,2.97,-0.78,21.0,3.04,-0.71,26.25,3.09,-0.69,23.75
253,0,3.01,-0.85,-0.0,-0.01,0.12,-0.04,3.16,-0.99,15.0,2.96,-0.82,20.75,3.03,-0.74,26.0,3.09,-0.71,23.5
254,0,3.01,-0.85,-0.0,-0.01,0.12,-0.04,2.96,-0.82,20.5,3.04,-0.7,25.75,3.2,-0.74,13.0,3.09,-0.67,23.5
255,0,3.0,-0.85,-0.01,-0.01,0.1,-0.04,2.74,-1.05,15.0
256,0,3.0,-0.85,-0.01,-0.01,0.1,-0.04,3.06,-0.76,23.75,3.17,-0.93,13.75
257,0,3.0,-0.85,-0.01,-0.01,0.1,-0.04,3.17,-0.96,13.75
259,0,3.0,-0.85,-0.01,-0.01,0.11,-0.04,3.05,-0.74,12.5,3.07,-1.26,13.5,2.95,-0.86,22.5,3.0,-0.79,27.0,3.06,-0.73,23.5
260,0,3.01,-0.85,-0.01,-0.01,0.11,-0.04,3.0,-0.73,13.25,2.95,-0.86,21.75,2.99,-0.84,26.75,3.05,-0.81,22.75
261,0,3.01,-0.85,-0.01,-0.01,0.11,-0.04,2.95,-0.88,22.0,2.98,-0.85,27.0
262,0,3.01,-0.85,-0.01,-0.01,0.11,-0.04,2.96,-0.87,22.25,2.99,-0.83,27.25
263,0,3.01,-0.85,-0.01,-0.01,0.11,-0.04,2.99,-1.56,15.0,3.21,-1.56,12.5,2.96,-0.86,22.25
264,0,3.01,-0.85,-0.01,-0.01,0.11,-0.04,3.01,-1.53,15.0,3.2,-1.56,12.5,2.95,-0.87,21.5
270,0,3.01,-0.85,-0.01,-0.01,0.11,-0.04,2.95,-0.8,17.75,3.02,-0.73,22.25,3.09,-0.73,19.25
271,0,3.01,-0.85,-0.01,-0.01,0.11,-0.04,2.93,-0.84,18.0,3.02,-0.74,22.0,3.09,-0.78,19.25
272,0,3.01,-0.85,-0.01,-0.01,0.11,-0.04,3.14,-1.17,13.0,3.05,-0.7,22.25,3.1,-0.75,20.0,3.0,-0.64,17.5
273,0,3.01,-0.85,-0.01,-0.01,0.11,-0.04,3.0,-0.63,17.75,3.06,-0.61,22.0,3.11,-0.66,19.25
274,0,3.01,-0.85,-0.01,-0.01,0.11,-0.04,3.16,-1.15,12.75,3.01,-0.6,17.0,3.07,-0.57,21.5,3.12,-0.65,19.25
275,0,3.01,-0.85,-0.01,-0.01,0.11,-0.04,3.15,-1.2,13.0,3.02,-0.59,16.5,3.08,-0.54,21.5,3.12,-0.64,19.5
276,0,3.01,-0.85,-0.01,-0.01,0.11,-0.04,3.15,-1.2,13.25,3.05,-0.5,15.0,3.1,-0.53,21.25,3.13,-0.62,19.75
277,0,3.01,-0.85,-0.01,-0.01,0.11,-0.04,3.05,-0.52,15.25,3.1,-0.54,22.0,3.13,-0.57,20.25
278,0,3.01,-0.85,-0.01,-0.01,0.11,-0.04,3.11,-0.53,21.5,3.12,-0.6,19.75,3.06,-0.43,15.0
279,0,3.01,-0.85,-0.01,-0.01,0.11,-0.04,3.15,-1.0,12.75,3.1,-0.6,23.5,3.12,-0.63,21.75
280,0,3.01,-0.85,-0.01,-0.01,0.11,-0.04,3.16,-0.97,13.25,3.06,-0.54,16.5,3.11,-0.55,24.0,3.13,-0.58,22.5
281,0,3.01,-0.85,-0.01,-0.01,0.11,-0.04,3.19,-0.8,14.0,3.07,-0.54,17.5,3.1,-0.62,25.25,3.11,-0.63,23.75
282,0,3.01,-0.85,-0.01,-0.01,0.11,-0.04,3.13,-1.07,14.75,3.05,-0.56,15.5,3.11,-0.62,23.0,3.12,-0.71,22.0
283,0,3.01,-0.85,-0.01,-0.01,0.11,-0.04,3.16,-1.01,13.75,3.03,-0.63,15.5,3.1,-0.66,22.75,3.12,-0.7,21.5
284,0,3.01,-0.85,-0.01,-0.01,0.11,-0.04,3.17,-0.95,15.0,3.13,-0.71,22.5,3.04,-0.61,15.0,3.11,-0.65,23.0
285,0,3.01,-0.85,-0.01,-0.01,0.11,-0.04,2.99,-0.67,13.5,3.1,-0.61,19.75,3.14,-0.61,18.75
286,0,3.01,-0.85,-0.01,-0.01,0.11,-0.04,2.98,-0.78,14.75,3.07,-0.67,20.75,3.13,-0.57,19.0
287,0,3.01,-0.85,-0.01,-0.01,0.11,-0.04,2.97,-0.79,16.0,3.06,-0.7,22.25,3.11,-0.64,20.0
288,0,3.01,-0.85,-0.01,-0.01,0.11,-0.04,3.0,-0.62,17.0,3.08,-0.56,22.0,3.13,-0.56,19.75
289,0,3.01,-0.85,-0.01,-0.01,0.11,-0.04,3.02,-0.58,15.75,3.08,-0.61,21.5,3.12,-0.65,19.5
290,0,3.01,-0.85,-0.01,-0.01,0.11,-0.04,3.01,-0.62,15.25,3.07,-0.65,21.0,3.12,-0.64,18.75
291,0,3.01,-0.85,-0.01,-0.01,0.11,-0.04,3.01,-0.63,17.25,3.07,-0.65,22.5,3.11,-0.66,20.25
292,0,3.01,-0.85,-0.01,-0.01,0.11,-0.04,3.14,-1.02,15.25,3.08,-0.64,25.0
293,0,3.01,-0.85,-0.01,-0.01,0.11,-0.04,3.12,-1.22,15.25,3.11,-0.81,21.25
294,0,3.01,-0.85,-0.01,-0.01,0.11,-0.04,3.12,-1.23,15.5,3.11,-0.84,20.75,3.07,-0.68,21.5
295,0,3.01,-0.85,-0.01,-0.01,0.11,-0.04,3.13,-1.22,16.0,3.11,-0.81,21.5,2.95,-0.67,18.0,3.07,-0.59,22.5
296,0,3.01,-0.85,-0.01,-0.01,0.11,-0.04,3.13,-1.23,16.0,2.86,-0.88,17.75,3.11,-0.82,21.25,3.06,-0.65,22.25
297,0,3.01,-0.85,-0.01,-0.01,0.11,-0.04,2.5,-1.52,13.0,3.27,-1.5,13.0,3.15,-1.24,16.0,2.83,-0.97,17.0,3.03,-0.75,21.5,3.11,-0.82,20.75
298,0,3.01,-0.85,-0.01,-0.01,0.11,-0.04,3.15,-1.22,15.25,2.84,-0.94,17.75,3.11,-0.79,21.0,3.06,-0.62,22.5
299,0,3.01,-0.85,-0.01,-0.01,0.11,-0.04,3.22,-1.58,12.75,3.14,-1.32,15.75,2.84,-0.88,17.75,3.12,-0.83,19.25,3.03,-0.66,21.0
300,0,3.01,-0.85,-0.01,-0.01,0.11,-0.04,3.22,-1.61,12.25,3.12,-1.35,14.25,2.83,-0.89,16.5,3.1,-0.87,18.75,3.05,-0.62,19.75
301,0,3.01,-0.85,-0.01,-0.01,0.11,-0.04,3.01,-0.67,19.5,3.11,-0.69,16.25
302,0,3.01,-0.85,-0.01,-0.01,0.11,-0.04,2.92,-0.66,16.5,3.04,-0.56,18.75
303,0,3.01,-0.85,-0.01,-0.01,0.11,-0.04,3.13,-1.35,13.0,2.92,-0.66,15.5,3.03,-0.62,18.25
304,0,3.01,-0.85,-0.01,-0.01,0.11,-0.04,3.14,-1.35,12.25,2.92,-0.67,14.75
305,0,3.01,-0.85,-0.01,-0.01,0.11,-0.04,2.91,-0.7,16.0
306,0,3.01,-0.85,-0.01,-0.01,0.11,-0.04,3.11,-0.73,14.25
307,0,3.01,-0.85,-0.01,-0.01,0.11,-0.04,3.11,-0.84,14.5,3.06,-0.67,14.75
309,0,3.01,-0.85,-0.01,-0.01,0.11,-0.04,3.14,-0.95,12.5
314,0,3.01,-0.85,-0.01,-0.01,0.11,-0.04,3.07,-0.53,13.25
315,0,3.01,-0.85,-0.01,-0.01,0.11,-0.04,3.06,-0.55,14.0
316,0,3.01,-0.85,-0.01,-0.01,0.11,-0.04,3.06,-0.48,14.75
317,0,3.01,-0.85,-0.01,-0.01,0.11,-0.04,3.01,-0.52,12.0,3.05,-0.48,16.0
318,0,3.01,-0.85,-0.01,-0.01,0.11,-0.04,3.0,-0.63,12.5,3.03,-0.55,16.5
319,0,3.01,-0.85,-0.01,-0.01,0.11,-0.04,3.01,-0.66,14.25,3.04,-0.62,18.5,3.13,-0.44,13.25
320,0,3.01,-0.85,-0.01,-0.01,0.11,-0.04,3.03,-0.61,15.25,3.05,-0.57,19.5,3.12,-0.41,14.5
321,0,3.01,-0.85,-0.01,-0.01,0.11,-0.04,3.02,-0.62,16.0,3.04,-0.53,19.75,3.12,-0.23,14.25
322,0,3.01,-0.85,-0.01,-0.01,0.11,-0.04,3.01,-0.66,16.25,3.03,-0.58,20.0,3.12,-0.28,14.0
323,0,3.01,-0.85,-0.01,-0.01,0.11,-0.04,3.0,-0.67,14.5,3.04,-0.59,18.75,3.12,-0.33,13.75
324,0,3.01,-0.85,-0.01,-0.01,0.11,-0.04,3.05,-0.63,15.75,3.13,-0.44,12.25
325,0,3.01,-0.85,-0.01,-0.01,0.11,-0.04,3.02,-0.67,15.0
326,0,3.01,-0.85,-0.01,-0.01,0.11,-0.04,2.97,-0.76,13.0,3.0,-0.68,16.25
327,0,3.01,-0.85,-0.01,-0.01,0.11,-0.04,2.96,-0.81,13.5,2.99,-0.73,17.0
328,0,3.01,-0.85,-0.01,-0.01,0.11,-0.04,2.98,-0.76,13.5,3.01,-0.67,17.5
329,0,3.01,-0.85,-0.01,-0.01,0.11,-0.04,2.99,-0.69,13.75,3.01,-0.59,16.75
330,0,3.01,-0.85,-0.01,-0.01,0.11,-0.04,2.98,-0.66,12.75,3.01,-0.61,15.25
336,0,3.01,-0.85,-0.01,-0.01,0.11,-0.04,3.1,-0.33,12.5
337,0,3.01,-0.85,-0.01,-0.01,0.11,-0.04,3.08,-0.36,14.25
338,0,3.01,-0.85,-0.01,-0.01,0.11,-0.04,3.0,-0.62,12.5,3.03,-0.6,16.0
339,0,3.01,-0.85,-0.01,-0.01,0.11,-0.04,3.0,-0.72,15.75
340,0,3.01,-0.85,-0.01,-0.01,0.11,-0.04,3.01,-0.7,15.5
341,0,3.01,-0.85,-0.01,-0.01,0.11,-0.04,3.01,-0.61,12.75,3.04,-0.57,16.5
342,0,3.01,-0.85,-0.01,-0.01,0.11,-0.04,3.03,-0.53,13.75,3.05,-0.52,18.0,3.13,-0.31,12.75
343,0,3.01,-0.85,-0.01,-0.01,0.11,-0.04,3.02,-0.59,14.5,3.04,-0.55,18.5,3.12,-0.28,13.25
344,0,3.01,-0.85,-0.01,-0.01,0.11,-0.04,3.02,-0.59,13.5,3.04,-0.54,17.75,3.13,-0.29,12.5
345,0,3.01,-0.85,-0.01,-0.01,0.11,-0.04,3.03,-0.56,14.0
346,0,3.01,-0.85,-0.01,-0.01,0.11,-0.04,2.93,-0.79,12.75,3.0,-0.72,15.25
347,0,3.01,-0.85,-0.01,-0.01,0.11,-0.04,2.99,-0.67,13.5,3.07,-0.54,17.75,3.11,-0.55,14.0
348,0,3.01,-0.85,-0.01,-0.01,0.11,-0.04,2.99,-0.55,15.5,3.04,-0.55,18.5
349,0,3.01,-0.85,-0.01,-0.01,0.11,-0.04,3.0,-0.51,15.25,3.06,-0.5,18.5
350,0,3.01,-0.85,-0.01,-0.01,0.11,-0.04,3.01,-0.55,15.25,3.06,-0.56,19.0
351,0,3.01,-0.85,-0.01,-0.01,0.11,-0.04,3.09,-0.74,15.75
352,0,3.01,-0.85,-0.01,-0.01,0.11,-0.04,3.1,-0.61,16.75
353,0,3.01,-0.85,-0.01,-0.01,0.11,-0.04,3.01,-0.58,15.25,3.07,-0.61,20.5,3.1,-0.58,17.5
354,0,3.01,-0.85,-0.01,-0.01,0.11,-0.04,3.02,-0.49,14.75,3.07,-0.54,19.5,3.11,-0.51,16.5
355,0,3.01,-0.85,-0.01,-0.01,0.11,-0.04,3.02,-0.51,14.25,3.06,-0.53,19.0,3.11,-0.52,15.25
356,0,3.01,-0.85,-0.01,-0.01,0.11,-0.04,3.01,-0.61,14.25,3.08,-0.57,20.5,3.12,-0.53,18.0
357,0,3.01,-0.85,-0.01,-0.01,0.11,-0.04,2.98,-0.68,16.0,3.03,-0.69,20.75,3.1,-0.61,17.5
364,0,3.01,-0.85,-0.01,-0.01,0.11,-0.04,2.97,-0.79,22.75
365,0,3.01,-0.85,-0.01,-0.01,0.11,-0.04,2.97,-0.81,21.5,3.0,-0.79,25.5,3.04,-0.78,21.25
366,0,3.01,-0.85,-0.01,-0.01,0.11,-0.04,2.97,-0.81,21.75,2.99,-0.8,25.5,3.04,-0.77,21.0
367,0,3.01,-0.85,-0.01,-0.01,0.11,-0.04,2.98,-0.77,20.0,3.02,-0.75,24.25
368,0,3.01,-0.85,-0.01,-0.01,0.11,-0.04,2.96,-0.74,16.75,3.03,-0.67,20.5
369,0,3.01,-0.85,-0.01,-0.01,0.11,-0.04,2.91,-0.92,16.75
370,0,3.01,-0.85,-0.0,-0.0,0.12,-0.03,3.05,-0.59,15.75,3.24,-1.55,13.5,2.96,-0.79,17.75
371,0,3.01,-0.85,-0.0,-0.0,0.12,-0.03,3.24,-1.57,13.5
372,0,3.01,-0.84,-0.0,0.0,0.12,-0.03,3.04,-0.63,15.0,3.27,-1.5,13.5,3.09,-1.33,14.5
373,0,3.01,-0.84,0.0,0.01,0.13,-0.03,3.03,-0.58,15.0,3.1,-1.29,14.5,3.28,-1.48,12.75
374,0,3.01,-0.83,0.01,0.02,0.13,-0.02,3.08,-0.58,14.75,3.15,-0.58,12.5,3.25,-1.56,12.25
375,0,3.01,-0.83,0.01,0.02,0.13,-0.02,3.25,-1.56,12.5
376,0,3.01,-0.83,0.01,0.02,0.13,-0.02,3.26,-1.53,12.25
379,0,3.01,-0.83,0.01,0.02,0.13,-0.02,3.02,-0.74,12.5
380,0,3.01,-0.83,0.01,0.01,0.13,-0.02,2.75,-1.02,14.5
381,0,3.01,-0.83,0.0,0.02,0.13,-0.02,2.96,-0.64,13.75,3.03,-0.53,16.0
382,0,3.01,-0.83,0.0,0.02,0.13,-0.02,3.24,-1.57,12.0
384,0,3.01,-0.83,0.0,0.02,0.13,-0.02,3.01,-0.71,21.0,3.1,-0.65,17.75
386,0,3.01,-0.82,0.0,0.03,0.12,-0.01,2.91,-0.72,13.0,2.98,-0.66,13.75,2.91,-0.8,17.0
387,0,3.01,-0.82,0.0,0.03,0.12,-0.01,2.9,-0.83,17.25
388,0,3.01,-0.82,0.0,0.03,0.12,-0.01,3.02,-0.7,18.75,3.11,-0.67,16.5
389,0,3.01,-0.82,0.0,0.03,0.12,-0.01,2.94,-0.8,15.5,3.03,-0.75,19.75,3.11,-0.71,17.5,3.11,-0.71,17.5
390,0,3.0,-0.83,-0.0,0.03,0.12,-0.01,2.79,-0.86,12.75,3.03,-0.77,17.75,3.11,-0.8,16.0
391,0,3.0,-0.83,-0.0,0.03,0.12,-0.01,2.97,-0.92,16.0,3.13,-0.74,13.75
393,0,3.0,-0.83,-0.0,0.03,0.12,-0.01,2.9,-0.89,12.75
395,0,3.0,-0.83,-0.0,0.03,0.12,-0.01,3.08,-0.63,19.0
396,0,3.0,-0.83,-0.0,0.03,0.12,-0.01,2.94,-0.77,12.5,3.07,-0.73,18.5,3.1,-0.79,17.25
397,0,3.0,-0.83,-0.0,0.03,0.12,-0.01,2.97,-0.7,15.25,3.04,-0.72,20.5,3.08,-0.75,17.25
398,0,3.0,-0.83,-0.0,0.03,0.12,-0.01,2.97,-0.75,16.0,3.03,-0.78,22.0,3.06,-0.79,19.0
399,0,3.0,-0.83,-0.0,0.03,0.12,-0.01,3.04,-0.7,20.0,3.09,-0.73,17.0,2.96,-0.66,15.75
400,0,3.0,-0.83,-0.0,0.03,0.12,-0.01,2.96,-0.73,16.5,3.05,-0.7,22.0,3.08,-0.71,19.5
401,0,3.0,-0.83,-0.0,0.03,0.12,-0.01,2.92,-0.79,19.0,3.02,-0.74,22.75,3.08,-0.7,19.5
402,0,3.0,-0.83,-0.0,0.03,0.12,-0.01,2.93,-0.77,19.75,3.01,-0.74,23.25,3.07,-0.72,19.25
403,0,3.0,-0.83,-0.0,0.03,0.12,-0.01,2.75,-0.91,12.75,2.96,-0.69,20.75,3.03,-0.66,24.5,3.07,-0.69,20.5
404,0,3.0,-0.83,-0.0,0.03,0.12,-0.01,2.75,-0.91,12.25,2.96,-0.73,20.75
405,0,3.0,-0.83,-0.0,0.03,0.12,-0.01,2.74,-0.92,13.0
407,0,3.0,-0.83,-0.0,0.03,0.12,-0.01,2.94,-0.74,19.0,3.0,-0.73,21.75,3.05,-0.77,16.75
408,0,3.0,-0.83,-0.0,0.03,0.12,-0.01,2.96,-0.72,19.25,3.02,-0.69,22.75,3.07,-0.69,18.25
409,0,3.0,-0.83,-0.0,0.03,0.12,-0.01,2.97,-0.74,18.5,3.03,-0.68,22.0,3.07,-0.69,17.5
410,0,3.0,-0.83,-0.0,0.03,0.12,-0.01,1.38,-0.76,12.0,3.01,-0.62,19.75,3.04,-0.64,23.5,3.08,-0.63,19.0
411,0,3.0,-0.83,-0.0,0.03,0.12,-0.01,2.99,-0.68,16.0,3.02,-0.69,19.5,3.08,-0.67,14.75
412,0,3.0,-0.83,-0.0,0.03,0.12,-0.01,3.09,-0.74,14.5,3.0,-0.64,13.25,3.05,-0.69,17.75
413,0,3.0,-0.83,-0.0,0.03,0.12,-0.01,3.1,-0.77,17.0,3.01,-0.68,13.5,3.07,-0.68,19.0
414,0,3.0,-0.83,-0.0,0.03,0.12,-0.01,3.03,-0.63,17.0,3.08,-0.63,22.25,3.1,-0.69,20.0
415,0,3.0,-0.83,-0.0,0.03,0.12,-0.01,2.99,-0.73,16.25,3.04,-0.72,21.25,3.09,-0.7,18.25,3.08,-0.7,18.25
416,0,3.0,-0.83,-0.0,0.03,0.12,-0.01,2.98,-0.78,21.0,3.01,-0.76,25.0,3.05,-0.76,21.0
417,0,3.0,-0.83,-0.0,0.03,0.12,-0.01,3.13,-1.0,12.5,2.99,-0.75,20.5,3.04,-0.75,25.25,3.07,-0.78,22.25
418,0,3.0,-0.83,-0.0,0.03,0.12,-0.01,3.14,-0.95,12.0,3.01,-0.74,20.75,3.05,-0.74,26.0,3.07,-0.75,23.25
419,0,3.0,-0.83,-0.0,0.03,0.12,-0.01,3.07,-0.73,23.25
420,0,3.0,-0.83,-0.0,0.03,0.12,-0.01,3.06,-0.76,23.5
421,0,3.0,-0.83,-0.0,0.03,0.12,-0.01,3.07,-0.75,25.75,3.14,-0.85,13.5
422,0,3.0,-0.83,-0.0,0.03,0.12,-0.01,3.13,-0.93,13.5
424,0,3.0,-0.83,-0.0,0.03,0.12,-0.01,3.03,-0.7,21.0,3.06,-0.72,27.25,3.07,-0.75,24.5,3.15,-0.86,13.0
425,0,3.0,-0.83,-0.0,0.03,0.12,-0.01,3.02,-0.7,18.25,3.06,-0.7,24.0,3.07,-0.71,21.25
426,0,3.0,-0.83,-0.0,0.03,0.12,-0.01,3.0,-0.69,17.5,3.05,-0.65,22.75,3.08,-0.63,19.0
427,0,3.0,-0.83,-0.0,0.03,0.12,-0.01,2.98,-0.82,17.25,3.02,-0.81,23.0,3.06,-0.83,20.5
428,0,3.01,-0.82,-0.0,0.03,0.12,-0.01,3.04,-0.62,12.25,2.96,-0.86,16.0,3.03,-0.81,21.75,3.07,-0.8,19.5
429,0,3.01,-0.82,-0.01,0.03,0.11,-0.01,2.98,-0.74,14.5,3.02,-0.75,19.25,3.04,-0.8,15.25,3.0,-0.81,18.0,3.04,-0.8,25.0,3.05,-0.83,23.0
430,0,3.01,-0.82,-0.01,0.03,0.11,-0.01,2.99,-0.79,18.25,3.03,-0.79,24.75,3.04,-0.86,22.5
431,0,3.01,-0.82,-0.01,0.03,0.11,-0.01,2.99,-0.79,17.25,3.02,-0.82,23.5,3.04,-0.85,21.25
435,0,3.01,-0.82,-0.01,0.04,0.1,-0.0,3.04,-0.69,12.25,3.04,-0.69,12.5
437,0,3.01,-0.82,-0.01,0.04,0.11,-0.0,2.96,-0.83,13.25,2.96,-0.76,14.5,3.0,-0.81,19.5,3.04,-0.89,16.5
438,0,3.01,-0.82,-0.0,0.04,0.11,-0.0,3.01,-0.75,13.75,3.05,-1.44,12.25,2.96,-0.79,16.0,3.01,-0.79,21.0,3.05,-0.86,18.25
439,0,3.01,-0.81,0.0,0.04,0.12,0.0,3.13,-0.81,12.5,3.12,-0.59,13.75,3.03,-0.74,21.75,3.08,-0.86,19.0
440,0,3.01,-0.81,0.01,0.05,0.13,0.01,2.98,-0.62,13.0,3.03,-0.62,16.25
441,0,3.01,-0.81,0.01,0.05,0.13,0.01,3.09,-1.36,14.75,2.99,-0.7,18.75
442,0,3.01,-0.81,0.01,0.05,0.14,0.0,2.83,-0.89,12.25,3.08,-1.34,15.25,3.0,-0.7,19.75,3.03,-0.71,25.0,3.07,-0.79,22.0
443,0,3.01,-0.81,0.01,0.05,0.13,0.01,3.06,-0.5,12.75,3.07,-1.34,15.25,3.0,-0.69,20.75,3.08,-0.73,22.5,3.03,-0.68,26.25
444,0,3.01,-0.81,0.01,0.05,0.13,0.01,3.08,-1.31,15.5,2.99,-0.69,21.0
445,0,3.01,-0.81,0.01,0.05,0.13,0.01,3.11,-1.23,15.5,2.99,-0.69,21.0,3.08,-0.74,22.0,3.03,-0.68,26.0
447,0,3.01,-0.81,0.01,0.06,0.14,0.01,3.05,-0.68,13.0,3.0,-0.7,21.5
448,0,3.01,-0.81,0.01,0.06,0.13,0.01,2.98,-0.82,12.75
449,0,3.01,-0.81,0.01,0.06,0.13,0.01,3.01,-0.69,20.5,3.04,-0.7,26.25
450,0,3.01,-0.81,0.01,0.06,0.13,0.01,3.01,-0.7,21.5,3.03,-0.71,27.0
451,0,3.01,-0.81,0.01,0.06,0.13,0.01,3.05,-0.7,26.0,3.06,-0.71,23.75,3.03,-0.67,20.0
452,0,3.01,-0.81,0.01,0.06,0.13,0.01,3.05,-0.71,26.25,3.06,-0.71,23.75,3.03,-0.67,20.25
453,0,3.01,-0.81,0.01,0.06,0.13,0.01,3.02,-0.71,19.5,3.04,-0.73,25.75,3.05,-0.72,23.25
454,0,3.01,-0.81,0.01,0.06,0.13,0.01,2.99,-0.77,19.75,3.03,-0.72,25.5,3.05,-0.73,23.0
455,0,3.01,-0.81,0.01,0.06,0.13,0.01,2.98,-0.74,18.5,3.05,-0.73,21.0
456,0,3.01,-0.81,0.01,0.06,0.13,0.01,2.95,-0.82,19.0,2.98,-0.81,23.25
458,0,3.01,-0.81,0.0,0.05,0.13,0.0,2.74,-1.07,13.25
459,0,3.0,-0.81,0.0,0.05,0.12,0.0,2.75,-0.94,13.0
460,0,3.0,-0.81,0.0,0.05,0.12,0.0,3.01,-0.66,12.75,3.06,-0.77,17.0
461,0,3.0,-0.81,0.0,0.05,0.12,0.0,3.06,-0.83,17.5,3.03,-0.69,20.5
462,0,3.0,-0.81,0.0,0.05,0.12,0.0,2.98,-0.68,15.0,3.03,-0.73,20.25,3.05,-0.86,17.75
463,0,3.0,-0.81,0.0,0.05,0.12,0.0,2.93,-0.8,15.25,2.99,-0.8,19.5,3.05,-0.85,16.75
464,0,3.0,-0.81,0.0,0.05,0.12,0.0,2.96,-0.74,17.25,3.01,-0.74,21.25,3.06,-0.8,17.5
465,0,3.0,-0.81,0.0,0.05,0.12,0.0,2.96,-0.72,16.75,3.01,-0.75,20.75,3.04,-0.85,17.25
466,0,3.0,-0.81,0.0,0.05,0.12,0.0,2.97,-0.72,17.5,3.01,-0.75,21.75,3.03,-0.83,17.5
467,0,3.0,-0.81,0.0,0.05,0.12,0.0,2.99,-0.69,19.0,3.01,-0.73,23.75,3.03,-0.76,19.5
468,0,3.0,-0.81,0.0,0.06,0.12,0.01,3.06,-0.48,12.75
470,0,3.0,-0.81,0.0,0.06,0.12,0.01,3.03,-0.8,12.75,2.99,-0.74,20.5,3.01,-0.73,25.25,3.03,-0.74,20.5
471,0,3.0,-0.81,0.01,0.05,0.14,0.0,2.77,-1.0,13.25,3.0,-0.73,21.25,3.01,-0.72,25.5
472,0,3.0,-0.81,0.01,0.05,0.14,0.0,3.0,-0.73,21.0
475,0,3.0,-0.81,0.01,0.05,0.14,0.0,3.07,-0.72,20.0,3.02,-0.69,24.25
476,0,3.0,-0.81,0.01,0.05,0.14,0.0,3.06,-0.73,19.5,3.02,-0.68,24.5
477,0,3.0,-0.81,0.01,0.05,0.14,0.0,3.07,-0.75,20.0,3.0,-0.64,19.25,3.04,-0.67,23.75
478,0,3.0,-0.81,0.01,0.05,0.14,0.0,3.08,-0.73,20.0,3.06,-0.6,23.5
480,0,3.0,-0.81,0.01,0.05,0.14,0.0,3.01,-0.54,17.25,3.05,-0.57,21.75
481,0,3.0,-0.81,0.01,0.05,0.14,0.0,2.94,-0.75,15.75,3.0,-0.75,19.0,3.08,-0.7,15.25
482,0,3.0,-0.81,0.01,0.05,0.14,0.0,2.97,-0.69,15.75,3.07,-0.73,14.5,3.01,-0.64,19.0
483,0,3.0,-0.81,0.01,0.05,0.14,0.0,3.08,-0.71,18.5,3.0,-0.67,17.5,3.05,-0.64,22.0
484,0,3.0,-0.81,0.01,0.05,0.14,0.0,3.07,-0.72,19.5,3.02,-0.66,17.25,3.05,-0.68,22.5
485,0,3.0,-0.81,0.01,0.05,0.14,0.0,3.04,-0.71,22.0,3.05,-0.79,19.25,3.02,-0.67,16.25
486,0,3.0,-0.81,0.01,0.05,0.14,0.0,2.94,-0.88,18.75,2.99,-0.82,23.5,3.04,-0.81,20.0
487,0,3.0,-0.81,0.01,0.05,0.14,0.0,2.95,-0.8,18.25,3.0,-0.74,22.25,3.07,-0.71,18.75
488,0,3.0,-0.81,0.01,0.05,0.14,0.0,2.94,-0.83,19.25,2.98,-0.79,22.75,3.06,-0.76,18.75
489,0,3.0,-0.81,0.01,0.05,0.14,0.0,2.95,-0.81,18.25,2.99,-0.77,22.5,3.07,-0.71,19.0
490,0,3.0,-0.81,0.01,0.05,0.14,0.0,2.93,-0.82,16.25,3.0,-0.73,20.25,3.09,-0.65,17.25
491,0,3.0,-0.81,0.01,0.05,0.14,0.0,2.95,-0.77,15.75,3.02,-0.71,20.25,3.09,-0.69,17.5
492,0,3.0,-0.81,0.01,0.05,0.14,0.0,2.94,-0.8,15.25,3.04,-0.66,20.5,3.11,-0.58,17.5
493,0,3.0,-0.81,0.01,0.05,0.14,-0.0,2.81,-1.0,12.25,2.94,-0.92,13.25,2.95,-0.8,16.75,3.0,-0.77,21.25
494,0,3.0,-0.81,0.0,0.04,0.13,-0.0,2.75,-0.95,12.5
495,0,3.0,-0.81,0.0,0.04,0.13,-0.0,2.91,-0.86,15.25
496,0,3.0,-0.81,0.0,0.04,0.13,-0.0,3.01,-0.82,14.25,2.94,-0.87,17.75,2.98,-0.88,22.0,3.03,-0.88,18.75
497,0,3.0,-0.81,0.0,0.04,0.13,-0.0,2.98,-0.9,22.0,3.03,-0.91,19.75,2.95,-0.85,17.5
498,0,3.0,-0.81,0.0,0.04,0.13,-0.0,2.93,-0.94,16.5,2.98,-0.93,22.0,3.01,-0.94,19.5
499,0,3.0,-0.81,0.0,0.04,0.13,-0.0,2.99,-0.9,23.0,3.02,-0.92,20.25,2.95,-0.87,17.0
500,0,3.0,-0.81,0.0,0.04,0.13,-0.0,3.04,-1.47,13.0,3.29,-1.49,12.75,2.99,-0.89,23.25,3.03,-0.93,20.75,2.96,-0.87,17.5
501,0,3.0,-0.81,-0.0,0.05,0.12,-0.0,3.04,-0.76,14.75,3.1,-0.79,12.25,3.12,-1.18,12.25,2.96,-0.88,18.0,3.01,-0.86,24.0,3.05,-0.84,21.5
502,0,3.0,-0.81,-0.0,0.05,0.13,0.0,3.03,-0.77,13.0,3.06,-1.38,12.5,2.97,-0.89,15.75,3.01,-0.89,22.5,3.05,-0.88,20.0
503,0,3.0,-0.82,0.0,0.04,0.14,-0.01,2.67,-1.02,12.5,2.71,-1.02,15.25,3.1,-1.24,13.5,2.95,-0.9,20.25,3.0,-0.86,25.5,3.06,-0.79,22.25
504,0,2.99,-0.82,0.0,0.03,0.14,-0.02,2.68,-1.02,16.75,2.73,-0.98,19.25,2.86,-0.83,14.5,3.09,-1.36,13.25
505,0,2.99,-0.83,0.0,0.02,0.15,-0.02,2.7,-0.98,13.75,2.71,-1.01,16.25,3.07,-1.37,13.75,2.93,-0.84,19.25,3.02,-0.75,23.75,3.09,-0.72,21.0
506,0,2.99,-0.82,0.01,0.02,0.15,-0.02,3.06,-0.7,12.5,3.06,-0.7,12.5,3.1,-1.27,13.75,2.92,-0.87,19.5,3.02,-0.77,24.25,3.08,-0.74,21.5
507,0,2.99,-0.82,0.01,0.02,0.15,-0.02,3.2,-1.57,13.5,3.11,-1.32,14.75,2.92,-0.84,18.5,3.03,-0.76,23.75,3.09,-0.75,21.0
508,0,2.99,-0.82,0.01,0.02,0.15,-0.02,3.14,-1.15,13.25,2.92,-0.81,18.25,3.04,-0.75,23.0,3.09,-0.76,20.75
509,0,2.99,-0.82,0.0,0.02,0.15,-0.02,2.77,-0.98,14.25,2.89,-0.82,17.75,3.03,-0.7,21.5,3.09,-0.7,19.25
510,0,2.99,-0.82,0.0,0.02,0.15,-0.02,3.01,-0.69,12.25,3.12,-1.29,12.25,2.87,-0.88,18.0,3.0,-0.79,22.0,3.08,-0.79,18.75
511,0,2.99,-0.82,0.0,0.02,0.15,-0.02,2.96,-0.73,20.0,3.03,-0.7,24.5,3.08,-0.67,20.5
512,0,2.99,-0.82,0.0,0.02,0.15,-0.02,3.13,-1.07,12.25,2.99,-0.7,21.5,3.03,-0.75,27.0
513,0,2.98,-0.82,-0.0,0.02,0.15,-0.02,2.77,-0.92,12.75,2.98,-0.77,22.0,3.02,-0.77,27.5,3.06,-0.74,23.5
514,0,2.98,-0.82,-0.0,0.02,0.15,-0.02,2.95,-0.81,19.75,3.02,-0.76,24.5,3.08,-0.73,21.0
515,0,2.98,-0.82,-0.0,0.02,0.15,-0.02,2.98,-0.74,21.0,3.03,-0.72,25.75,3.07,-0.68,21.75
516,0,2.98,-0.82,-0.0,0.02,0.15,-0.02,2.99,-0.75,20.25,3.04,-0.71,25.25,3.08,-0.69,22.0
517,0,2.98,-0.83,0.0,0.02,0.15,-0.02,2.9,-0.99,13.25,3.0,-0.73,19.25,3.05,-0.69,24.5,3.09,-0.66,21.25
518,0,2.98,-0.83,0.0,0.02,0.15,-0.02,2.98,-0.75,20.0,3.03,-0.74,24.75,3.06,-0.73,21.0
519,0,2.98,-0.82,0.01,0.02,0.16,-0.02,2.93,-0.77,13.5,2.99,-0.76,15.75,3.06,-0.83,12.5,2.96,-0.76,21.25,3.01,-0.75,25.25,3.05,-0.75,21.25
520,0,2.98,-0.82,0.01,0.02,0.17,-0.03,2.89,-0.87,15.25,2.8,-0.76,12.5,2.84,-0.81,17.5,2.97,-0.78,21.0,3.0,-0.8,25.0,3.04,-0.79,20.75
521,0,2.98,-0.83,0.01,0.02,0.18,-0.03,3.03,-0.86,16.0,3.08,-0.81,14.25,2.93,-0.83,18.0,2.99,-0.81,22.0,3.04,-0.8,18.25
522,0,2.98,-0.83,0.01,0.02,0.18,-0.03,2.94,-0.79,18.75,2.98,-0.81,23.0,3.02,-0.84,18.75
523,0,2.98,-0.83,0.01,0.02,0.18,-0.03,2.95,-0.8,18.5,3.0,-0.78,23.0,3.03,-0.8,19.0
524,0,2.98,-0.83,0.01,0.02,0.18,-0.03,2.95,-0.77,18.5,3.0,-0.79,23.0,3.03,-0.81,19.25
525,0,2.98,-0.83,0.01,0.02,0.18,-0.03,2.94,-0.79,19.5,3.0,-0.77,22.75,3.05,-0.78,19.0
526,0,2.98,-0.83,0.01,0.02,0.18,-0.03,3.41,-1.61,12.25,3.34,-1.49,13.0,2.94,-0.8,20.75,3.01,-0.79,24.5,3.05,-0.81,20.25
527,0,2.98,-0.83,0.01,0.02,0.18,-0.03,3.33,-1.54,13.25,3.39,-1.65,12.0,2.91,-0.86,20.0,2.98,-0.84,22.5,3.03,-0.86,18.75
528,0,2.98,-0.83,0.01,0.02,0.18,-0.03,3.34,-1.52,14.0,2.97,-0.85,22.75,3.03,-0.85,19.25
529,0,2.98,-0.83,0.01,0.02,0.18,-0.03,3.33,-1.53,14.5,3.35,-1.67,12.5,2.91,-0.78,15.25,3.02,-0.74,19.5,3.09,-0.79,16.25
530,0,2.98,-0.83,0.01,0.02,0.18,-0.03,3.11,-1.47,13.0,3.27,-1.55,12.25,2.88,-0.82,15.5,3.01,-0.74,18.25,3.11,-0.77,16.0
531,0,2.98,-0.83,0.01,0.02,0.18,-0.03,2.88,-0.85,15.0,3.0,-0.77,18.25,3.11,-0.74,15.75
532,0,2.98,-0.83,0.01,0.02,0.18,-0.03,2.89,-0.85,16.5,2.99,-0.77,19.5,3.07,-0.84,16.5
533,0,2.98,-0.83,0.01,0.02,0.18,-0.03,2.93,-0.83,15.0,3.02,-0.73,18.5,3.09,-0.75,15.5
535,0,2.98,-0.83,0.01,0.02,0.18,-0.03,2.96,-0.84,17.75
536,0,2.98,-0.83,0.01,0.02,0.18,-0.03,3.01,-0.82,23.0
537,0,2.98,-0.83,0.01,0.02,0.18,-0.03,3.05,-0.91,21.75,2.96,-0.86,18.75,3.01,-0.85,24.0
538,0,2.98,-0.83,0.01,0.02,0.18,-0.03,3.05,-1.37,14.0,3.07,-0.92,20.25,2.97,-0.82,16.25,3.03,-0.82,22.0
539,0,2.98,-0.83,0.01,0.02,0.18,-0.03,2.97,-0.82,16.5,3.02,-0.82,22.0,3.05,-0.87,19.75
540,0,2.98,-0.82,0.01,0.02,0.17,-0.03,2.79,-0.79,17.75,2.82,-0.79,22.25,2.84,-0.81,18.25,2.92,-0.77,18.5,2.99,-0.8,22.0,3.04,-0.87,19.0
541,0,2.98,-0.82,0.01,0.02,0.17,-0.03,3.05,-0.93,18.25,2.9,-0.83,17.75,2.98,-0.86,21.0
542,0,2.98,-0.82,0.01,0.02,0.17,-0.03,3.11,-1.28,12.25,3.07,-0.94,17.75,2.9,-0.74,16.0,3.02,-0.75,18.75
543,0,2.98,-0.82,0.01,0.02,0.17,-0.03,2.82,-0.84,13.75,2.92,-0.8,12.0,3.0,-0.71,18.75,3.06,-0.87,16.0
544,0,2.98,-0.82,0.01,0.02,0.17,-0.03,2.91,-0.75,16.75,3.01,-0.73,19.25,3.09,-0.79,17.25
545,0,2.98,-0.82,0.01,0.02,0.17,-0.03,2.89,-0.76,17.0,2.99,-0.71,19.0,3.11,-0.71,15.5
546,0,2.99,-0.83,0.01,0.01,0.17,-0.04,3.44,-1.46,13.0,3.48,-1.41,12.75,3.35,-1.51,12.5,3.05,-0.86,15.0
547,0,2.99,-0.83,0.01,0.01,0.17,-0.04,3.38,-1.43,12.25,3.51,-1.42,12.25,2.91,-0.76,18.5,2.98,-0.76,22.0,3.04,-0.85,18.5
548,0,2.99,-0.83,0.01,0.01,0.17,-0.04,3.52,-1.42,12.25,2.96,-0.76,14.75,3.01,-0.77,20.0,3.05,-0.87,17.0
549,0,2.99,-0.83,0.01,0.01,0.17,-0.04,2.91,-0.88,16.5,3.03,-0.93,18.0,2.97,-0.86,21.25
550,0,2.99,-0.84,0.01,0.0,0.16,-0.04,2.94,-1.5,12.5,3.38,-1.42,12.25,2.93,-0.86,17.75,2.98,-0.82,22.25,3.05,-0.83,18.5
551,0,2.99,-0.84,0.01,0.0,0.16,-0.04,3.36,-1.45,12.5,3.04,-1.01,16.5,2.96,-0.73,14.0,3.0,-0.81,18.5
552,0,2.99,-0.84,0.01,0.0,0.16,-0.04,3.36,-1.44,12.5,2.87,-0.98,16.0,2.92,-0.99,19.75,3.0,-1.06,16.25
553,0,2.99,-0.84,0.01,0.0,0.16,-0.04,3.36,-1.44,12.5,3.04,-0.93,17.75,2.96,-0.77,15.5,3.01,-0.79,20.75
554,0,2.99,-0.84,0.01,0.0,0.16,-0.04,2.93,-0.84,16.0,2.99,-0.81,20.25,3.04,-0.89,16.75
555,0,2.99,-0.84,0.01,0.0,0.16,-0.04,3.05,-1.0,14.0,2.91,-0.78,14.5,3.0,-0.76,16.75
556,0,2.98,-0.84,0.01,-0.0,0.16,-0.04,2.76,-0.84,12.25,3.07,-1.03,13.5,2.88,-0.82,13.5,2.99,-0.81,15.5
557,0,2.98,-0.84,0.0,-0.0,0.16,-0.04,2.63,-0.9,13.25,2.94,-0.81,20.25,2.98,-0.8,23.75,3.04,-0.83,19.25
558,0,2.98,-0.84,0.0,-0.0,0.16,-0.04,2.93,-0.81,20.0,2.98,-0.8,23.5,3.04,-0.82,19.0
559,0,2.98,-0.84,0.0,-0.0,0.16,-0.04,3.03,-0.82,13.25,2.93,-0.84,20.0,2.97,-0.84,23.5,3.02,-0.87,18.75
560,0,2.98,-0.84,0.0,-0.0,0.16,-0.04,2.94,-0.83,19.0,2.99,-0.79,22.75,3.04,-0.79,18.0
561,0,2.98,-0.84,0.0,-0.0,0.16,-0.04,2.96,-0.79,19.5,3.01,-0.78,23.75,3.05,-0.81,20.25
564,0,2.98,-0.84,0.0,-0.0,0.16,-0.04,3.0,-0.59,16.5,3.06,-0.65,21.75
565,0,2.98,-0.84,0.0,-0.0,0.16,-0.04,3.05,-0.71,22.0
567,0,2.98,-0.84,0.01,-0.0,0.17,-0.04,2.62,-0.92,12.75
568,0,2.98,-0.84,0.01,-0.0,0.17,-0.05,3.01,-0.87,12.5
569,0,2.98,-0.84,0.01,0.0,0.17,-0.04,3.08,-0.58,15.0,3.12,-0.6,12.5
570,0,2.98,-0.84,0.01,-0.0,0.18,-0.04,2.87,-0.87,13.5,2.97,-0.85,14.5
572,0,2.98,-0.83,0.01,0.0,0.17,-0.04,2.96,-0.8,12.75,3.02,-0.73,16.5,3.07,-0.69,12.25
574,0,2.98,-0.83,0.01,0.0,0.17,-0.04,2.66,-1.11,12.25
576,0,2.98,-0.84,0.01,0.0,0.17,-0.04,2.72,-1.06,13.75,2.64,-1.18,12.25
577,0,2.98,-0.84,0.0,-0.0,0.16,-0.04,2.86,-0.92,14.5,2.94,-0.92,16.0,3.0,-1.01,12.25,2.64,-1.16,14.5,2.79,-1.09,19.0
578,0,2.98,-0.84,-0.0,0.0,0.16,-0.04,2.85,-0.8,14.5,2.97,-0.71,14.5,2.63,-1.18,13.25,2.76,-1.17,18.25
579,0,2.98,-0.84,-0.0,0.0,0.16,-0.04,3.0,-0.74,13.25,2.65,-1.19,13.0,2.76,-1.2,19.5
580,0,2.98,-0.83,-0.0,0.01,0.16,-0.04,3.07,-0.5,14.25,2.65,-1.19,13.5,2.76,-1.19,19.5
583,0,2.98,-0.84,0.0,0.0,0.16,-0.04,2.67,-1.01,14.0,2.8,-0.93,16.5,2.96,-0.8,16.25,3.08,-0.79,12.75
584,0,2.97,-0.84,0.02,-0.02,0.17,-0.06,2.73,-1.04,12.0,2.68,-0.92,12.0,3.0,-0.72,12.0,2.96,-0.75,19.25,3.02,-0.71,22.75
585,0,2.97,-0.85,0.03,-0.05,0.17,-0.09,2.69,-0.97,12.5,2.74,-0.97,15.75,2.97,-0.7,18.5,3.04,-0.62,22.25,3.1,-0.62,18.0
586,0,2.97,-0.87,0.03,-0.1,0.15,-0.13,2.72,-1.09,13.25
587,0,2.97,-0.88,0.0,0.0,0.0,0.0,3.13,-1.24,13.0,3.07,-0.76,20.0
588,0,2.97,-0.88,0.01,-0.01,0.02,-0.02,2.86,-0.97,13.0,2.99,-0.82,15.5,3.12,-1.3,12.75,3.29,-1.46,12.5,2.73,-0.93,16.0
589,0,2.97,-0.89,-0.01,-0.03,-0.0,-0.04,2.63,-0.94,12.5,3.13,-1.29,14.0
590,0,2.97,-0.89,-0.01,-0.03,-0.0,-0.04,3.14,-1.27,14.25,3.3,-1.44,13.5,2.89,-0.82,22.25,2.98,-0.78,24.75,3.06,-0.84,20.5
593,0,2.97,-0.89,-0.01,-0.03,-0.0,-0.04,2.88,-0.84,25.0,2.96,-0.78,26.5,3.03,-0.8,21.25
594,0,2.96,-0.89,-0.02,-0.04,-0.02,-0.04,2.77,-0.89,12.5,2.88,-0.83,23.5,2.96,-0.81,25.0,3.03,-0.85,20.5
595,0,2.96,-0.9,-0.03,-0.05,-0.04,-0.05,2.76,-0.96,12.75,2.71,-0.95,19.0,2.87,-0.82,22.5,2.95,-0.78,23.25,3.05,-0.68,17.5
596,0,2.96,-0.9,-0.03,-0.05,-0.04,-0.05,2.75,-0.92,18.25,2.88,-0.83,23.25,2.96,-0.77,24.5,3.04,-0.68,19.0
597,0,2.96,-0.9,-0.03,-0.05,-0.04,-0.05,2.78,-0.91,16.25,2.9,-0.84,23.0,2.96,-0.77,24.75,3.04,-0.69,18.75
598,0,2.96,-0.9,-0.03,-0.05,-0.04,-0.05,2.74,-0.96,15.0,2.87,-0.89,21.0,2.95,-0.8,22.25,3.05,-0.67,16.75
599,0,2.96,-0.9,-0.03,-0.05,-0.04,-0.05,2.98,-0.75,23.75,3.04,-0.67,18.25
600,0,2.96,-0.9,-0.03,-0.05,-0.04,-0.05,2.99,-0.69,20.5,3.09,-0.63,15.75
601,0,2.96,-0.9,-0.03,-0.05,-0.04,-0.05,2.93,-0.82,18.0,3.01,-0.74,21.5,3.08,-0.67,17.5
602,0,2.96,-0.9,-0.03,-0.05,-0.04,-0.05,2.93,-0.82,18.0,3.01,-0.73,21.5,3.08,-0.67,17.25
603,0,2.96,-0.9,-0.03,-0.05,-0.04,-0.05,2.93,-0.8,17.5,3.02,-0.71,21.0,3.11,-0.64,17.25
604,0,2.96,-0.9,-0.03,-0.05,-0.04,-0.05,3.09,-1.42,12.25,2.93,-0.8,16.0,3.01,-0.76,19.5
605,0,2.96,-0.9,-0.03,-0.05,-0.04,-0.05,2.95,-0.72,17.25,3.01,-0.74,21.0
606,0,2.96,-0.9,-0.03,-0.05,-0.04,-0.05,3.23,-1.47,12.25,3.12,-1.36,15.75,2.97,-0.74,16.75,3.03,-0.74,22.0
607,0,2.96,-0.9,-0.03,-0.05,-0.04,-0.05,3.19,-1.57,13.75,3.14,-1.38,16.5,2.96,-0.74,17.5,3.02,-0.72,21.75
608,0,2.96,-0.9,-0.03,-0.05,-0.04,-0.05,3.22,-1.5,12.75,2.97,-0.7,17.5,3.04,-0.73,23.0
609,0,2.96,-0.9,-0.03,-0.05,-0.04,-0.05,3.12,-1.44,17.25,2.94,-0.75,17.5,3.05,-0.66,22.25
610,0,2.96,-0.9,-0.03,-0.05,-0.04,-0.05,2.99,-0.57,18.0,3.06,-0.59,22.75
611,0,2.96,-0.9,-0.03,-0.05,-0.04,-0.05,3.12,-1.36,15.5,2.97,-0.68,17.75,2.97,-0.68,18.0,3.06,-0.65,23.0
612,0,2.96,-0.9,-0.03,-0.05,-0.04,-0.05,3.13,-1.33,15.5,2.91,-0.81,16.5,3.12,-0.81,19.5,3.07,-0.62,21.25
613,0,2.96,-0.91,-0.04,-0.08,-0.05,-0.08,2.78,-1.05,13.75,2.93,-0.91,14.0,3.13,-1.28,15.75,2.95,-0.75,17.75,3.11,-0.78,21.5,3.06,-0.69,23.0
614,0,2.96,-0.91,-0.04,-0.08,-0.05,-0.08,3.21,-1.64,13.5,3.1,-1.33,14.25,2.93,-0.81,19.5,3.03,-0.73,24.75,3.08,-0.75,22.0
615,0,2.95,-0.93,-0.07,-0.15,-0.08,-0.14,2.56,-1.37,12.75,3.19,-1.67,12.25,3.12,-1.16,13.25,2.96,-0.74,20.5,3.05,-0.7,25.75,3.08,-0.75,23.25
616,0,2.95,-0.92,-0.06,-0.11,-0.08,-0.11,3.05,-0.68,14.75,3.08,-1.32,12.5,2.73,-1.0,12.75
617,0,2.95,-0.92,-0.06,-0.11,-0.08,-0.11,2.74,-1.0,12.5,3.19,-0.82,12.25
618,0,2.95,-0.91,-0.06,-0.09,-0.08,-0.08,3.07,-0.69,12.0
619,0,2.95,-0.91,-0.06,-0.09,-0.08,-0.08,2.76,-0.96,13.5
620,0,2.95,-0.91,-0.06,-0.09,-0.08,-0.08,2.75,-0.98,13.5
621,0,2.95,-0.91,-0.06,-0.09,-0.08,-0.08,2.75,-1.0,13.75,2.92,-0.89,24.25
622,0,2.95,-0.91,-0.06,-0.09,-0.08,-0.08,2.79,-0.95,13.0
623,0,2.95,-0.91,-0.06,-0.09,-0.08,-0.08,2.79,-0.92,13.25
625,0,2.95,-0.91,-0.06,-0.09,-0.08,-0.08,2.95,-0.84,20.75,3.02,-0.71,25.5,3.08,-0.63,22.25
626,0,2.95,-0.91,-0.06,-0.09,-0.08,-0.08,2.91,-0.92,19.75,2.99,-0.79,23.75
627,0,2.95,-0.91,-0.06,-0.09,-0.08,-0.08,2.9,-0.89,18.25,3.0,-0.78,22.25,3.06,-0.76,19.0
628,0,2.95,-0.91,-0.06,-0.09,-0.08,-0.08,2.88,-1.0,20.5,2.96,-0.88,24.0,3.04,-0.74,19.25
629,0,2.95,-0.91,-0.06,-0.09,-0.08,-0.08,2.85,-1.12,18.25,2.96,-0.93,23.0,3.04,-0.81,19.0
630,0,2.95,-0.91,-0.06,-0.09,-0.08,-0.08,2.92,-0.99,19.25,3.0,-0.86,25.0,3.03,-0.81,20.75
631,0,2.95,-0.91,-0.06,-0.09,-0.08,-0.08,2.9,-1.0,19.0,3.05,-0.71,25.0,3.06,-0.72,21.25
632,0,2.95,-0.91,-0.06,-0.09,-0.08,-0.08,2.8,-1.15,18.75,3.03,-0.74,23.5,3.08,-0.64,20.25
633,0,2.95,-0.91,-0.06,-0.09,-0.08,-0.08,2.67,-1.08,12.5,2.83,-1.09,18.75,3.0,-0.84,24.5,3.04,-0.78,20.75
634,0,2.95,-0.91,-0.06,-0.09,-0.08,-0.08,2.92,-0.9,17.75,3.03,-0.8,25.0,3.05,-0.75,22.0
635,0,2.95,-0.91,-0.06,-0.09,-0.08,-0.08,2.94,-0.82,17.25,3.03,-0.8,24.0,3.05,-0.77,21.0
636,0,2.95,-0.91,-0.06,-0.09,-0.08,-0.08,2.69,-1.07,12.5,2.87,-0.98,20.25,2.98,-0.85,24.5,3.05,-0.75,20.75
637,0,2.95,-0.91,-0.06,-0.09,-0.08,-0.08,2.68,-1.06,13.0,2.81,-1.06,19.0
638,0,2.95,-0.91,-0.06,-0.09,-0.08,-0.08,2.66,-1.1,12.75,2.76,-1.15,18.25
639,0,2.95,-0.91,-0.06,-0.09,-0.08,-0.08,2.67,-1.08,13.75,2.82,-1.0,19.5
640,0,2.95,-0.91,-0.06,-0.09,-0.08,-0.08,2.76,-1.24,15.75,3.06,-0.6,20.5,3.08,-0.62,17.0
641,0,2.95,-0.91,-0.06,-0.09,-0.08,-0.08,2.86,-1.03,17.25,2.97,-0.86,20.75,3.05,-0.79,16.25
642,0,2.95,-0.91,-0.06,-0.09,-0.08,-0.08,2.9,-0.93,15.5,2.99,-0.81,19.5,3.06,-0.75,15.25
643,0,2.95,-0.91,-0.06,-0.09,-0.08,-0.08,2.97,-0.76,17.0,3.0,-0.73,20.5,3.05,-0.71,15.25
644,0,2.95,-0.91,-0.06,-0.09,-0.08,-0.08,2.98,-0.72,17.5,3.01,-0.73,21.25,3.03,-0.75,16.25
646,0,2.95,-0.91,-0.06,-0.09,-0.08,-0.08,3.01,-0.72,14.25
647,0,2.95,-0.91,-0.06,-0.09,-0.08,-0.08,3.05,-0.73,18.5,3.02,-0.67,12.0
648,0,2.95,-0.91,-0.06,-0.09,-0.08,-0.08,3.02,-0.77,23.5,3.02,-0.8,19.0
649,0,2.95,-0.91,-0.06,-0.09,-0.08,-0.08,2.98,-0.79,20.0,3.0,-0.79,24.75,3.01,-0.81,20.5
650,0,2.95,-0.91,-0.06,-0.09,-0.08,-0.08,2.96,-0.85,19.25,2.99,-0.81,23.75,3.01,-0.83,19.75
651,0,2.95,-0.91,-0.06,-0.09,-0.08,-0.08,2.98,-0.8,16.75,3.01,-0.79,21.75,3.02,-0.8,18.25
652,0,2.95,-0.91,-0.06,-0.09,-0.08,-0.08,2.98,-0.8,16.75,3.01,-0.78,21.5,3.03,-0.81,18.25
653,0,2.95,-0.91,-0.06,-0.09,-0.08,-0.08,3.0,-0.75,18.5,3.02,-0.75,23.25,3.05,-0.76,19.75
654,0,2.95,-0.91,-0.06,-0.09,-0.08,-0.08,2.96,-0.88,18.75,3.01,-0.83,24.25
655,0,2.96,-0.86,-0.03,0.03,-0.07,0.05,3.08,-0.55,19.75,3.09,-0.57,16.0,3.06,-0.45,14.75,2.93,-0.89,17.75,2.98,-0.85,22.25,3.02,-0.88,18.25
656,0,2.97,-0.84,0.0,0.1,-0.03,0.11,3.12,-0.53,15.5,3.12,-0.46,18.25,2.91,-0.9,18.0,2.95,-0.87,21.25,3.01,-0.86,16.25
657,0,2.98,-0.83,0.03,0.13,0.02,0.14,2.98,-0.76,14.25,3.03,-0.72,19.0,3.08,-0.65,15.0,2.85,-1.03,18.75,2.97,-0.82,21.5,3.03,-0.82,16.75
658,0,2.99,-0.79,0.06,0.22,0.07,0.22,3.12,-0.63,16.25,3.07,-0.33,12.75,3.12,-0.44,18.5,2.85,-0.96,17.75,2.91,-0.91,19.75,3.03,-0.86,14.0
659,0,2.99,-0.79,0.06,0.22,0.07,0.22,2.79,-1.06,16.75,2.88,-1.01,17.75,3.04,-0.87,13.25
660,0,2.99,-0.79,0.06,0.22,0.07,0.22,2.93,-0.9,15.25
661,0,2.99,-0.79,0.07,0.23,0.07,0.23,3.09,-0.56,12.5,3.06,-0.56,14.25,3.16,-0.6,14.25
662,0,2.99,-0.79,0.06,0.23,0.06,0.23,2.96,-0.85,13.75,3.05,-0.63,18.25
663,0,2.99,-0.79,0.06,0.23,0.06,0.23,2.65,-1.04,14.0,3.05,-0.6,20.0,3.1,-0.61,16.5
664,0,2.99,-0.79,0.06,0.23,0.06,0.23,2.63,-1.06,13.75,2.84,-0.89,16.25,3.05,-0.61,20.75,3.11,-0.57,17.5
665,0,2.99,-0.79,0.06,0.23,0.06,0.23,2.62,-1.06,14.75,2.88,-0.81,16.75,3.06,-0.63,22.0
666,0,2.99,-0.79,0.06,0.23,0.06,0.23,2.62,-1.08,16.0
667,0,2.99,-0.79,0.06,0.23,0.06,0.23,2.62,-1.08,12.25,3.05,-0.68,23.0,3.09,-0.64,19.25
668,0,2.99,-0.79,0.06,0.23,0.06,0.23,2.63,-1.08,13.25,3.05,-0.68,23.5,3.08,-0.66,19.75
669,0,2.99,-0.79,0.06,0.23,0.06,0.23,3.07,-0.63,23.75,3.09,-0.62,20.75
670,0,2.99,-0.79,0.06,0.23,0.06,0.23,3.04,-0.53,16.25,3.11,-0.55,24.25,3.11,-0.57,22.25
671,0,2.99,-0.79,0.06,0.23,0.06,0.23,3.03,-0.59,14.25,3.07,-0.63,20.75
672,0,2.99,-0.79,0.06,0.23,0.06,0.23,3.11,-0.52,20.25,3.06,-0.42,13.25
673,0,2.99,-0.79,0.06,0.23,0.06,0.23,3.04,-0.42,13.75,3.1,-0.42,19.0,3.14,-0.38,16.0
674,0,2.99,-0.79,0.06,0.23,0.06,0.23,3.02,-0.55,14.25,3.08,-0.49,19.0,3.13,-0.45,15.5
675,0,2.99,-0.79,0.06,0.23,0.06,0.23,3.03,-0.5,14.25,3.11,-0.46,19.75,3.14,-0.42,17.5
676,0,2.99,-0.79,0.06,0.23,0.06,0.23,3.03,-0.5,14.25,3.09,-0.49,19.5,3.14,-0.45,17.0
677,0,2.99,-0.79,0.06,0.23,0.06,0.23,3.02,-0.63,15.75,3.05,-0.66,20.5,3.1,-0.6,17.5
678,0,2.99,-0.79,0.06,0.23,0.06,0.23,3.02,-0.73,20.0,3.01,-0.65,15.75,3.08,-0.69,17.0
679,0,2.99,-0.79,0.06,0.23,0.06,0.23,3.0,-0.66,16.0,3.03,-0.67,20.5,3.07,-0.69,17.0
680,0,2.99,-0.79,0.06,0.23,0.06,0.23,3.01,-0.64,18.5,3.04,-0.65,23.25,3.07,-0.69,19.75
681,0,2.99,-0.79,0.06,0.23,0.06,0.23,3.03,-0.7,22.25,3.06,-0.75,19.0,3.0,-0.67,18.0
682,0,2.99,-0.79,0.06,0.23,0.06,0.23,2.95,-0.7,18.0,3.06,-0.73,18.75,3.03,-0.68,22.0
683,0,2.99,-0.79,0.06,0.23,0.06,0.23,2.97,-0.68,17.75,3.01,-0.79,22.5,3.03,-0.82,19.0
684,0,2.99,-0.8,0.05,0.21,0.04,0.21,2.75,-1.03,13.0,2.96,-0.68,17.0,3.01,-0.75,21.75,3.04,-0.82,18.5
685,0,2.99,-0.8,0.05,0.21,0.04,0.21,2.93,-0.8,20.5,2.99,-0.79,24.0,3.02,-0.85,20.5
686,0,2.99,-0.8,0.05,0.21,0.04,0.21,3.09,-1.3,12.25,2.76,-0.95,12.5,2.91,-0.83,21.5,2.98,-0.8,24.75,3.02,-0.88,21.0
687,0,2.99,-0.8,0.05,0.21,0.04,0.21,3.07,-1.33,12.5,2.76,-0.96,12.5,2.92,-0.82,22.0,2.98,-0.8,26.0,3.02,-0.88,22.0
688,0,2.99,-0.8,0.05,0.21,0.04,0.21,2.75,-0.98,13.25,2.92,-0.84,21.25,2.98,-0.81,25.25,3.02,-0.84,21.0
689,0,2.99,-0.8,0.05,0.21,0.05,0.22,3.02,-0.71,12.25,3.11,-1.3,12.5,2.92,-0.82,19.0,2.99,-0.8,22.75,3.04,-0.86,19.75
690,0,2.99,-0.8,0.05,0.21,0.05,0.22,3.09,-1.33,12.25,3.02,-0.71,24.0,3.08,-0.71,20.75
691,0,2.99,-0.8,0.05,0.21,0.05,0.22,3.27,-1.5,12.5,3.1,-1.29,14.75,3.02,-0.74,25.0,3.08,-0.75,22.0
692,0,2.99,-0.8,0.05,0.21,0.05,0.22,3.08,-1.31,14.0,3.28,-1.47,12.0,2.98,-0.74,20.0,3.02,-0.75,25.0,3.06,-0.77,22.25
693,0,2.99,-0.8,0.05,0.21,0.05,0.22,3.28,-1.51,12.25,3.14,-1.22,13.0,2.98,-0.7,17.75,3.03,-0.72,22.75,3.08,-0.76,20.25
694,0,2.99,-0.8,0.05,0.21,0.05,0.22,3.11,-1.25,12.75,2.97,-0.77,17.25,3.03,-0.77,23.0,3.07,-0.81,21.0
695,0,2.99,-0.78,0.08,0.25,0.09,0.25,3.08,-0.71,14.0,2.82,-0.55,13.5,2.9,-0.62,17.75,2.99,-0.63,18.0,3.09,-1.23,12.75,3.02,-0.8,23.5,3.07,-0.78,21.5
696,0,3.0,-0.79,0.09,0.19,0.12,0.16,3.11,-1.25,13.75,3.11,-1.38,13.0,3.1,-1.23,13.75,3.03,-0.78,23.25,3.08,-0.78,21.5
697,0,3.03,-0.73,0.15,0.28,0.2,0.22,2.99,-0.51,18.25,2.96,-0.4,18.5,3.03,-1.39,14.25,2.97,-0.76,19.0,3.02,-0.79,24.0,3.05,-0.87,21.75
698,0,3.04,-0.71,0.0,0.0,0.0,0.0,3.03,-1.41,14.5,2.99,-0.74,18.25,3.03,-0.77,24.0,3.05,-0.85,21.75
699,0,3.04,-0.71,0.0,0.0,0.0,0.0,3.01,-1.51,15.25,3.04,-0.69,22.75,3.07,-0.82,20.25,3.01,-0.66,17.5
700,0,3.04,-0.71,0.0,0.0,0.0,0.0,2.99,-1.56,15.0,3.08,-0.76,20.5
701,0,3.04,-0.68,-0.01,0.05,-0.03,0.05,2.96,-0.52,19.75,2.98,-0.54,20.0,2.97,-1.59,15.0,3.07,-0.8,20.5
702,0,3.04,-0.65,-0.03,0.12,-0.07,0.13,2.96,-0.38,13.5,3.04,-0.42,13.25,3.0,-1.57,15.75
703,0,3.04,-0.65,-0.03,0.12,-0.07,0.13,3.03,-1.53,15.75,3.21,-1.58,12.25
704,0,3.04,-0.65,-0.03,0.12,-0.07,0.13,2.99,-1.61,14.5,3.25,-1.55,12.25
705,0,3.04,-0.65,-0.03,0.12,-0.07,0.13,3.01,-1.64,13.0
706,0,3.03,-0.71,-0.06,-0.0,-0.11,0.01,2.93,-1.36,12.5,2.96,-1.03,13.25,3.08,-1.49,13.0,3.29,-1.49,12.5
707,0,3.03,-0.71,-0.06,-0.0,-0.11,0.01,3.05,-1.51,13.25,3.29,-1.49,12.5
708,0,3.03,-0.71,-0.06,-0.0,-0.11,0.01,3.07,-1.5,13.5,3.28,-1.51,12.5,3.01,-0.69,22.25,3.08,-0.74,17.75
709,0,3.02,-0.72,-0.07,-0.03,-0.12,-0.02,2.8,-0.93,13.25,3.02,-0.7,22.5,3.07,-0.73,19.25
712,0,3.02,-0.72,-0.07,-0.03,-0.12,-0.02,2.84,-1.09,18.75,2.94,-0.99,23.0,3.01,-0.95,19.75
713,0,3.02,-0.72,-0.07,-0.03,-0.12,-0.02,2.95,-0.79,19.0,3.0,-0.79,23.75,3.04,-0.81,20.0
714,0,3.0,-0.78,-0.11,-0.15,-0.14,-0.13,2.63,-1.29,14.5,2.76,-1.19,12.25,2.83,-1.12,18.25,2.96,-0.94,23.0,3.03,-0.9,20.0
715,0,3.0,-0.78,-0.11,-0.15,-0.14,-0.13,2.84,-1.15,20.5
716,0,3.0,-0.78,-0.11,-0.15,-0.14,-0.13,2.82,-1.19,20.5
718,0,3.0,-0.78,-0.11,-0.15,-0.14,-0.13,3.23,-1.6,12.0,3.1,-1.31,12.75
719,0,3.0,-0.78,-0.11,-0.15,-0.14,-0.13,3.19,-1.64,12.5,3.1,-1.27,14.0
720,0,3.0,-0.78,-0.11,-0.15,-0.14,-0.13,2.87,-0.98,21.75,2.98,-0.83,25.75,3.04,-0.79,21.75
721,0,3.0,-0.78,-0.11,-0.15,-0.14,-0.13,2.88,-0.97,21.0,2.98,-0.84,25.25,3.05,-0.79,21.5
722,0,3.0,-0.78,-0.11,-0.15,-0.14,-0.13,2.9,-0.92,20.75,2.99,-0.82,25.25,3.05,-0.78,21.75
723,0,3.0,-0.78,-0.11,-0.15,-0.14,-0.13,3.26,-1.57,12.75,3.14,-1.23,13.25,2.9,-0.92,20.0
724,0,3.0,-0.78,-0.11,-0.15,-0.14,-0.13,3.25,-1.6,12.25,3.14,-1.24,13.0
725,0,3.0,-0.78,-0.11,-0.15,-0.14,-0.13,3.24,-1.63,12.5
727,0,3.0,-0.78,-0.11,-0.15,-0.14,-0.13,2.94,-0.81,21.0,3.01,-0.77,25.5
728,0,3.0,-0.78,-0.11,-0.15,-0.14,-0.13,2.98,-0.68,21.25,3.02,-0.72,25.75,3.06,-0.75,22.0
729,0,3.0,-0.78,-0.11,-0.15,-0.14,-0.13,2.97,-0.72,19.5,3.02,-0.72,24.25,3.07,-0.74,21.0
730,0,3.0,-0.78,-0.11,-0.15,-0.14,-0.13,2.96,-0.74,20.75,3.03,-0.71,25.0,3.07,-0.71,21.75
731,0,3.0,-0.78,-0.11,-0.15,-0.14,-0.13,2.97,-0.69,20.5,3.07,-0.71,22.0,3.04,-0.67,25.5
732,0,3.0,-0.78,-0.11,-0.15,-0.14,-0.13,2.94,-0.75,19.75,3.01,-0.71,23.25,3.09,-0.66,19.75
733,0,3.0,-0.78,-0.11,-0.15,-0.14,-0.13,2.94,-0.75,18.75,3.03,-0.67,22.25
734,0,3.0,-0.78,-0.11,-0.15,-0.14,-0.13,2.94,-0.77,21.25,3.01,-0.7,24.25
735,0,3.0,-0.78,-0.11,-0.15,-0.14,-0.13,2.99,-0.64,21.5,3.04,-0.63,25.5,3.09,-0.59,21.25
736,0,3.0,-0.78,-0.11,-0.15,-0.14,-0.13,3.0,-0.67,21.5,3.03,-0.64,25.25,3.08,-0.61,21.0
738,0,3.0,-0.78,-0.11,-0.15,-0.14,-0.13,2.97,-0.73,21.0,3.0,-0.71,24.0,3.07,-0.68,19.75
739,0,3.0,-0.78,-0.11,-0.15,-0.14,-0.13,2.99,-0.7,20.5,3.02,-0.72,24.25
740,0,3.0,-0.78,-0.11,-0.15,-0.14,-0.13,2.98,-0.7,21.0,3.01,-0.72,24.0,3.06,-0.75,20.5
742,0,3.0,-0.78,-0.11,-0.15,-0.14,-0.13,3.02,-0.7,23.25
743,0,2.99,-0.8,-0.12,-0.2,-0.16,-0.18,2.7,-1.2,12.25,3.17,-1.22,15.25,3.03,-0.71,21.75,3.08,-0.88,19.0,2.98,-0.6,17.75
744,0,2.98,-0.84,-0.15,-0.29,-0.19,-0.26,2.46,-1.56,12.75,3.15,-1.25,15.75,3.26,-1.47,13.25,3.1,-0.8,20.5,2.99,-0.61,17.75,3.05,-0.69,22.5
745,0,2.98,-0.84,-0.15,-0.29,-0.19,-0.26,2.58,-1.26,13.5,3.22,-1.54,12.5,3.12,-1.31,15.5,2.91,-0.85,17.5,3.04,-0.7,21.25,3.1,-0.84,19.75
746,0,2.98,-0.84,-0.15,-0.29,-0.19,-0.26,2.59,-1.24,13.25,3.23,-1.56,13.5,3.11,-1.36,16.25,2.92,-0.84,17.25,3.05,-0.7,21.25,3.09,-0.9,20.0
747,0,2.98,-0.84,-0.15,-0.29,-0.19,-0.26,2.6,-1.27,12.5,3.24,-1.57,12.75,3.11,-1.35,14.5,2.9,-0.91,18.75,3.01,-0.78,22.25,3.06,-0.9,19.75
748,0,2.98,-0.84,-0.15,-0.29,-0.19,-0.26,2.56,-1.35,12.5,3.03,-1.53,14.5,3.28,-1.49,13.0,2.91,-0.88,18.5,3.01,-0.78,22.5,3.05,-0.89,20.0
749,0,2.98,-0.84,-0.15,-0.29,-0.19,-0.26,3.04,-1.47,14.75,3.23,-1.53,12.25,3.06,-0.88,20.75
750,0,2.97,-0.88,-0.17,-0.37,-0.21,-0.33,2.44,-1.58,14.25,3.23,-1.55,12.75,3.07,-0.84,20.0
751,0,2.96,-0.9,-0.19,-0.42,-0.23,-0.38,2.6,-1.38,13.25,3.25,-1.55,12.0,3.11,-1.26,14.0,2.89,-0.98,19.25,2.99,-0.86,23.75,3.05,-0.89,21.0
752,0,2.96,-0.9,-0.19,-0.42,-0.23,-0.38,3.28,-1.51,12.5,3.09,-1.34,14.25,2.9,-0.96,20.0,2.97,-0.9,23.5,3.02,-0.98,21.0
753,0,2.96,-0.9,-0.19,-0.42,-0.23,-0.38,3.12,-1.32,13.75,3.31,-1.44,12.5,3.05,-0.92,20.0,2.99,-0.84,22.75
754,0,2.96,-0.9,-0.19,-0.42,-0.23,-0.38,2.84,-1.06,18.5,3.38,-1.32,12.25,2.95,-0.93,22.5,3.03,-0.94,18.75,3.18,-1.17,12.25
755,0,2.96,-0.9,-0.19,-0.42,-0.23,-0.38,2.81,-1.13,17.5,2.94,-0.94,22.0,3.04,-0.91,18.25
756,0,2.96,-0.9,-0.19,-0.42,-0.23,-0.38,3.37,-1.32,12.25,2.84,-1.04,18.25,2.95,-0.91,22.25,3.22,-1.08,12.5,3.05,-0.89,18.5
757,0,2.96,-0.9,-0.19,-0.42,-0.23,-0.38,2.77,-1.2,17.75,2.91,-1.06,21.25,2.99,-1.06,17.75
758,0,2.96,-0.9,-0.19,-0.42,-0.23,-0.38,2.64,-1.23,12.25,2.8,-1.13,19.25,2.88,-1.04,21.25,3.0,-1.02,16.25
759,0,2.96,-0.9,-0.19,-0.42,-0.23,-0.38,2.96,-0.83,19.75,3.04,-0.89,16.25
761,0,2.96,-0.9,-0.19,-0.42,-0.23,-0.38,2.92,-0.91,17.75
762,0,2.96,-0.9,-0.19,-0.42,-0.23,-0.38,2.93,-0.91,19.0,2.97,-0.9,23.0,3.04,-0.89,19.75
763,0,2.96,-0.9,-0.19,-0.42,-0.23,-0.38,2.94,-0.89,19.0,2.96,-0.92,22.75,3.02,-0.92,19.25
764,0,2.96,-0.9,-0.19,-0.42,-0.23,-0.38,3.02,-0.93,17.25,2.93,-0.87,18.25,2.96,-0.87,21.75
765,0,2.96,-0.9,-0.19,-0.42,-0.23,-0.38,2.95,-0.88,17.5,2.97,-0.88,21.5,3.05,-0.82,17.25
766,0,2.96,-0.9,-0.19,-0.42,-0.23,-0.38,2.97,-0.84,18.5,3.0,-0.8,23.25,3.06,-0.74,19.75
767,0,2.96,-0.9,-0.19,-0.42,-0.23,-0.38,3.0,-0.72,16.5,3.01,-0.75,21.0,3.07,-0.72,17.25
768,0,2.96,-0.9,-0.19,-0.42,-0.23,-0.38,2.99,-0.77,18.25,3.01,-0.75,23.25,3.06,-0.7,19.25
769,0,2.96,-0.9,-0.19,-0.42,-0.23,-0.38,3.01,-0.74,19.0,3.04,-0.72,24.5,3.07,-0.69,22.0
770,0,2.96,-0.9,-0.19,-0.42,-0.23,-0.38,3.0,-0.75,19.75,3.03,-0.72,25.0,3.07,-0.7,21.5
771,0,2.96,-0.9,-0.19,-0.42,-0.23,-0.38,3.01,-0.7,19.0,3.08,-0.71,22.0,3.05,-0.68,24.75
772,0,2.96,-0.9,-0.19,-0.42,-0.23,-0.38,3.08,-0.72,22.25,3.02,-0.68,19.5,3.06,-0.68,25.0
773,0,2.96,-0.9,-0.19,-0.42,-0.23,-0.38,3.1,-1.18,13.75,3.01,-0.7,18.75,3.05,-0.67,24.25,3.09,-0.7,21.5
774,0,2.96,-0.9,-0.19,-0.42,-0.23,-0.38,3.13,-1.08,12.75,3.0,-0.74,18.25,3.04,-0.71,23.75,3.08,-0.73,21.25
775,0,2.96,-0.9,-0.19,-0.42,-0.23,-0.38,3.14,-1.0,12.5,2.99,-0.79,19.5,3.03,-0.74,25.0,3.07,-0.74,22.5
776,0,2.96,-0.9,-0.19,-0.42,-0.23,-0.38,3.1,-1.27,13.75,2.98,-0.78,17.0,3.04,-0.73,22.5,3.09,-0.74,20.5
777,0,2.96,-0.9,-0.19,-0.42,-0.23,-0.38,3.1,-1.22,15.5,2.99,-0.75,18.5,3.04,-0.73,23.75,3.07,-0.83,22.25
778,0,2.96,-0.9,-0.19,-0.42,-0.23,-0.38,3.1,-1.16,15.5,2.99,-0.77,20.25,3.03,-0.76,25.5,3.06,-0.83,23.25
779,0,2.96,-0.9,-0.19,-0.42,-0.23,-0.38,3.11,-1.12,15.5,2.99,-0.79,19.75,3.03,-0.76,25.25,3.06,-0.82,23.25
780,0,2.96,-0.9,-0.19,-0.42,-0.23,-0.38,3.11,-1.12,14.25,2.98,-0.83,19.0,3.03,-0.79,24.25,3.06,-0.84,22.25
781,0,2.96,-0.9,-0.19,-0.42,-0.23,-0.38,3.12,-1.12,13.0,2.99,-0.81,17.5,3.04,-0.78,23.0,3.07,-0.83,21.0
782,0,2.96,-0.9,-0.19,-0.42,-0.23,-0.38,2.98,-0.81,16.0,3.03,-0.81,21.5,3.06,-0.86,19.5
783,0,2.96,-0.9,-0.19,-0.42,-0.23,-0.38,2.99,-0.75,15.0,3.04,-0.76,20.25,3.07,-0.84,18.0
784,0,2.96,-0.9,-0.19,-0.42,-0.23,-0.38,3.04,-0.72,18.5,3.08,-0.8,16.25,3.01,-0.67,13.75
785,0,2.96,-0.9,-0.19,-0.42,-0.23,-0.38,2.99,-0.72,14.5,3.03,-0.74,19.0,3.08,-0.8,16.5
786,0,2.96,-0.9,-0.19,-0.42,-0.23,-0.38,2.99,-0.72,14.0,3.04,-0.73,18.5,3.09,-0.77,16.25
787,0,2.96,-0.9,-0.19,-0.42,-0.23,-0.38,3.06,-0.66,15.75,3.12,-0.66,13.5
790,0,2.96,-0.9,-0.19,-0.42,-0.23,-0.38,2.97,-0.97,13.25
791,0,2.96,-0.9,-0.19,-0.42,-0.23,-0.38,2.96,-0.95,13.25,3.0,-0.94,19.75,3.03,-0.97,17.25
792,0,2.96,-0.9,-0.19,-0.42,-0.23,-0.38,3.09,-1.24,12.25,2.95,-0.91,17.75,2.98,-0.94,23.0,3.01,-1.0,20.25
793,0,2.96,-0.9,-0.19,-0.42,-0.23,-0.38,3.06,-1.32,12.0,2.94,-0.91,17.75,2.96,-0.96,22.5,2.99,-1.06,19.25
794,0,2.96,-0.9,-0.19,-0.42,-0.23,-0.38,2.93,-0.92,16.25,2.97,-0.93,21.0,3.02,-1.0,18.75
795,0,2.96,-0.9,-0.19,-0.42,-0.23,-0.38,2.97,-0.91,20.25,3.01,-1.0,17.75,2.94,-0.85,16.0
796,0,2.96,-0.9,-0.19,-0.42,-0.23,-0.38,2.97,-0.79,17.0,2.99,-0.84,21.5,3.03,-0.88,18.5
797,0,2.96,-0.9,-0.19,-0.42,-0.23,-0.38,2.98,-0.73,17.5,2.99,-0.8,21.75,3.02,-0.88,18.0
798,0,2.96,-0.9,-0.19,-0.42,-0.23,-0.38,3.03,-0.92,17.25,2.97,-0.73,17.0,2.99,-0.79,21.0
799,0,2.96,-0.9,-0.19,-0.42,-0.23,-0.38,3.01,-0.94,19.25,2.99,-0.72,18.5,2.99,-0.81,23.0
800,0,2.96,-0.9,-0.19,-0.42,-0.23,-0.38,2.99,-0.97,18.25,2.98,-0.73,19.25,2.98,-0.81,22.75
801,0,2.96,-0.9,-0.19,-0.42,-0.23,-0.38,3.01,-0.91,17.25,2.97,-0.71,18.75,2.98,-0.77,22.0
802,0,2.96,-0.9,-0.19,-0.42,-0.23,-0.38,2.99,-0.74,20.25,3.03,-0.87,15.5,2.98,-0.66,17.75
803,0,2.96,-0.9,-0.19,-0.42,-0.23,-0.38,2.98,-0.93,18.5,3.03,-1.03,15.75,2.94,-0.87,14.25
804,0,2.96,-0.9,-0.19,-0.42,-0.23,-0.38,3.04,-1.39,12.0,2.95,-0.9,16.5,2.98,-0.93,21.0,3.02,-1.0,18.0
805,0,2.96,-0.9,-0.19,-0.42,-0.23,-0.38,2.99,-1.46,12.0,2.98,-0.9,22.75,3.01,-0.98,19.0,2.96,-0.86,18.75
806,0,2.96,-0.9,-0.19,-0.42,-0.23,-0.38,2.99,-1.44,12.0,3.02,-0.96,19.75,2.98,-0.82,19.25,2.99,-0.86,23.5
807,0,2.96,-0.9,-0.19,-0.42,-0.23,-0.38,3.02,-1.44,12.0,2.98,-0.9,22.25,3.01,-0.98,18.75,2.96,-0.88,18.0
808,0,2.96,-0.9,-0.19,-0.42,-0.23,-0.38,3.03,-0.96,16.75,2.98,-0.76,15.75,2.98,-0.87,20.25
809,0,2.96,-0.9,-0.19,-0.42,-0.23,-0.38,3.1,-1.42,12.5,3.05,-0.97,16.5,2.98,-0.77,15.5,2.99,-0.85,19.75
810,0,2.96,-0.9,-0.19,-0.42,-0.23,-0.38,3.05,-1.51,13.0,2.94,-0.97,13.75,2.96,-1.03,19.5,3.01,-1.1,17.0
811,0,2.96,-0.9,-0.19,-0.42,-0.23,-0.38,3.01,-1.55,12.75,2.94,-0.99,14.25,2.96,-1.04,20.5,3.0,-1.1,18.0
812,0,2.96,-0.9,-0.19,-0.42,-0.23,-0.38,3.05,-1.49,13.0,2.93,-1.1,20.0,2.97,-1.2,17.0,2.91,-1.05,14.25
813,0,2.96,-0.9,-0.19,-0.42,-0.23,-0.38,2.93,-1.27,13.75,2.92,-0.91,14.75,2.91,-1.05,18.25
814,0,2.96,-0.9,-0.19,-0.42,-0.23,-0.38,2.9,-1.11,15.0,2.95,-1.06,21.75,2.98,-1.07,19.0
815,0,2.96,-0.9,-0.19,-0.42,-0.23,-0.38,3.02,-0.94,17.5
816,0,2.96,-0.9,-0.19,-0.42,-0.23,-0.38,2.95,-1.01,20.25,3.02,-0.94,17.5
818,0,2.96,-0.9,-0.19,-0.42,-0.23,-0.38,3.28,-1.56,12.25
819,0,2.96,-0.9,-0.19,-0.42,-0.23,-0.38,3.29,-1.53,12.5
823,0,2.96,-0.9,-0.19,-0.42,-0.23,-0.38,2.95,-0.72,19.5,3.01,-0.69,23.0
824,0,2.96,-0.9,-0.19,-0.42,-0.23,-0.38,3.1,-0.55,16.75
825,0,2.96,-0.9,-0.19,-0.42,-0.23,-0.38,3.08,-0.71,16.5
826,0,2.96,-0.9,-0.19,-0.42,-0.23,-0.38,2.98,-0.68,17.75,3.01,-0.74,21.5,3.05,-0.76,17.25
827,0,2.96,-0.9,-0.19,-0.42,-0.23,-0.38,2.96,-0.78,18.25,3.02,-0.78,22.75,3.04,-0.81,19.25
828,0,2.96,-0.9,-0.19,-0.42,-0.23,-0.38,3.1,-1.15,13.0,2.99,-0.72,21.0,3.03,-0.74,25.75,3.05,-0.81,22.75
829,0,2.96,-0.9,-0.19,-0.42,-0.23,-0.38,3.1,-1.1,12.25,2.98,-0.78,20.75,3.02,-0.78,25.75,3.05,-0.81,23.0
830,0,2.96,-0.9,-0.19,-0.42,-0.23,-0.38,2.98,-0.8,20.75,3.02,-0.78,25.75,3.05,-0.82,22.75
831,0,2.96,-0.9,-0.19,-0.42,-0.23,-0.38,3.11,-1.13,12.5,3.05,-0.81,23.25
832,0,2.96,-0.9,-0.19,-0.4,-0.23,-0.37,3.02,-0.76,13.25
833,0,2.96,-0.9,-0.19,-0.4,-0.23,-0.37,2.98,-0.79,22.25
834,0,2.96,-0.9,-0.19,-0.4,-0.23,-0.37,3.12,-1.09,12.75,2.98,-0.79,21.0,3.01,-0.79,26.5,3.04,-0.82,23.75
835,0,2.96,-0.9,-0.19,-0.4,-0.23,-0.37,2.97,-0.78,23.25,3.01,-0.77,28.25,3.04,-0.79,25.0
836,0,2.96,-0.9,-0.19,-0.4,-0.23,-0.37,2.98,-0.77,20.5,3.02,-0.77,25.75,3.05,-0.79,23.25
837,0,2.96,-0.89,-0.19,-0.39,-0.23,-0.36,2.98,-0.79,12.75,2.97,-0.78,20.0,3.01,-0.8,24.75,3.05,-0.82,22.25
838,0,2.96,-0.89,-0.19,-0.39,-0.23,-0.36,2.98,-0.73,18.75,3.03,-0.76,24.5,3.06,-0.79,21.75
839,0,2.96,-0.89,-0.19,-0.39,-0.23,-0.36,2.98,-0.74,19.75,3.03,-0.76,25.0,3.05,-0.79,22.0
840,0,2.96,-0.89,-0.19,-0.39,-0.23,-0.36,3.02,-0.79,25.5,3.04,-0.81,22.0
841,0,2.96,-0.89,-0.19,-0.39,-0.23,-0.36,3.03,-0.73,24.25
843,0,2.96,-0.89,-0.19,-0.39,-0.23,-0.36,3.06,-0.72,21.5,2.99,-0.68,15.25
844,0,2.96,-0.89,-0.19,-0.39,-0.23,-0.36,2.92,-0.85,16.0,3.02,-0.75,20.75,3.1,-0.68,17.75
845,0,2.96,-0.89,-0.18,-0.38,-0.22,-0.35,2.83,-0.86,14.0,2.94,-0.72,12.75,2.9,-0.84,16.5
846,0,2.96,-0.89,-0.18,-0.38,-0.22,-0.35,2.77,-1.09,15.0
848,0,2.96,-0.89,-0.18,-0.38,-0.22,-0.35,2.97,-0.84,18.5
849,0,2.96,-0.89,-0.18,-0.38,-0.22,-0.35,2.83,-0.92,17.25,2.95,-0.89,18.75
850,0,2.96,-0.89,-0.18,-0.38,-0.22,-0.35,2.86,-0.95,18.5,2.97,-0.92,21.75,3.04,-0.92,20.0
851,0,2.96,-0.89,-0.18,-0.38,-0.22,-0.35,2.84,-1.01,19.0,2.94,-1.0,22.25,3.02,-0.96,20.0
854,0,2.96,-0.89,-0.18,-0.38,-0.22,-0.35,2.9,-0.92,22.0,2.96,-0.9,26.25
855,0,2.96,-0.89,-0.18,-0.38,-0.22,-0.35,2.92,-0.91,23.0,2.97,-0.87,27.25,3.02,-0.86,23.0
856,0,2.96,-0.89,-0.18,-0.38,-0.22,-0.35,2.91,-0.92,22.5
857,0,2.96,-0.89,-0.18,-0.38,-0.22,-0.35,2.91,-0.93,22.75,2.96,-0.9,27.0,3.01,-0.87,22.5
859,0,2.96,-0.89,-0.18,-0.38,-0.22,-0.35,2.98,-0.67,20.5,3.03,-0.67,24.75,3.08,-0.67,20.75
860,0,2.96,-0.89,-0.18,-0.38,-0.22,-0.35,2.97,-0.69,21.25,3.03,-0.69,25.25,3.07,-0.72,21.5
861,0,2.96,-0.89,-0.18,-0.38,-0.22,-0.35,2.99,-0.65,22.25,3.04,-0.64,26.25,3.09,-0.62,22.5
862,0,2.96,-0.89,-0.18,-0.38,-0.22,-0.35,3.06,-0.73,19.75,3.01,-0.65,19.0,3.04,-0.68,23.75
863,0,2.96,-0.89,-0.18,-0.38,-0.22,-0.35,3.02,-0.62,19.25,3.03,-0.66,23.75,3.06,-0.67,19.25
864,0,2.96,-0.89,-0.18,-0.38,-0.22,-0.35,3.01,-0.7,22.0,3.05,-0.73,17.5,3.0,-0.65,18.75
865,0,2.96,-0.89,-0.18,-0.38,-0.22,-0.35,2.99,-0.74,18.25,3.02,-0.75,22.75,3.05,-0.73,18.75
867,0,2.96,-0.89,-0.18,-0.38,-0.22,-0.35,2.96,-0.87,12.5,3.01,-0.85,18.0,3.08,-0.79,15.0
868,0,2.96,-0.89,-0.18,-0.38,-0.22,-0.35,2.97,-0.82,13.0,3.01,-0.86,18.75,3.05,-0.86,15.75
869,0,2.96,-0.89,-0.18,-0.38,-0.22,-0.35,2.98,-0.8,13.5,3.02,-0.82,19.0,3.06,-0.83,16.0
870,0,2.96,-0.89,-0.18,-0.38,-0.22,-0.35,3.0,-0.71,21.75,3.03,-0.73,26.25,3.06,-0.75,22.75
871,0,2.96,-0.89,-0.18,-0.38,-0.22,-0.35,3.0,-0.73,21.5,3.05,-0.77,23.0
872,0,2.96,-0.89,-0.18,-0.38,-0.22,-0.35,3.0,-0.73,21.25,3.03,-0.74,25.75,3.06,-0.76,22.5
873,0,2.96,-0.89,-0.18,-0.38,-0.22,-0.35,3.0,-0.74,20.75,3.03,-0.75,25.25,3.05,-0.78,22.0
874,0,2.96,-0.89,-0.18,-0.38,-0.22,-0.35,3.0,-0.73,20.5,3.03,-0.74,25.0,3.06,-0.77,22.0
877,0,2.96,-0.89,-0.18,-0.38,-0.22,-0.35,3.0,-0.74,19.25,3.04,-0.75,25.25,3.06,-0.77,22.25
878,0,2.96,-0.89,-0.18,-0.38,-0.22,-0.35,3.0,-0.7,18.75,3.01,-0.77,24.0,3.04,-0.8,20.25
879,0,2.96,-0.89,-0.18,-0.38,-0.22,-0.35,2.99,-0.71,18.5,3.02,-0.74,23.5,3.05,-0.76,19.25
880,0,2.97,-0.89,-0.18,-0.38,-0.21,-0.34,3.07,-0.78,13.25,3.0,-0.69,19.5,3.02,-0.75,24.5,3.04,-0.81,20.75
881,0,2.97,-0.89,-0.18,-0.38,-0.21,-0.34,3.02,-0.74,25.0,3.04,-0.78,21.0,3.0,-0.68,20.0
882,0,2.97,-0.89,-0.18,-0.38,-0.21,-0.34,2.97,-0.73,20.25,3.01,-0.75,25.0,3.04,-0.79,21.0
883,0,2.97,-0.89,-0.18,-0.38,-0.21,-0.34,2.98,-0.73,19.25,3.03,-0.75,24.5,3.04,-0.79,21.5
884,0,2.97,-0.89,-0.18,-0.38,-0.21,-0.34,2.98,-0.71,18.5,3.03,-0.74,24.0,3.05,-0.77,20.75
885,0,2.97,-0.89,-0.18,-0.38,-0.21,-0.34,2.99,-0.7,18.5,3.03,-0.75,24.0,3.05,-0.79,20.5
888,0,2.97,-0.89,-0.18,-0.38,-0.21,-0.34,2.74,-0.88,12.25,3.01,-0.74,22.25,3.09,-0.73,18.0
889,0,2.97,-0.89,-0.18,-0.38,-0.21,-0.34,2.7,-0.98,12.25
890,0,2.97,-0.89,-0.18,-0.38,-0.21,-0.34,2.74,-0.87,12.75
893,0,2.97,-0.89,-0.18,-0.38,-0.21,-0.34,3.14,-1.34,12.75
894,0,2.97,-0.89,-0.18,-0.38,-0.21,-0.34,3.2,-1.23,13.5,3.11,-0.73,16.25,3.01,-0.68,20.25
895,0,2.97,-0.89,-0.18,-0.38,-0.21,-0.34,3.14,-1.3,13.0,3.11,-0.69,17.25
896,0,2.97,-0.89,-0.18,-0.38,-0.21,-0.34,3.12,-1.36,15.0
897,0,2.97,-0.89,-0.18,-0.38,-0.21,-0.34,3.12,-1.32,14.25,3.11,-0.82,17.5,3.05,-0.58,20.0
898,0,2.97,-0.89,-0.18,-0.38,-0.21,-0.34,3.09,-1.4,15.0,3.02,-0.73,21.0,3.08,-0.9,18.5
899,0,2.97,-0.89,-0.18,-0.38,-0.21,-0.34,3.09,-1.45,16.5,3.2,-1.51,13.0,2.87,-0.88,17.25,3.05,-1.1,18.75,3.0,-0.82,20.25
900,0,2.97,-0.89,-0.18,-0.38,-0.21,-0.34,3.13,-1.46,16.25,3.23,-1.47,13.25,2.75,-0.91,12.0,2.86,-0.85,19.0,2.96,-0.77,20.5,3.1,-0.87,15.75
901,0,2.97,-0.89,-0.18,-0.38,-0.21,-0.34,3.14,-1.4,14.25,3.25,-1.45,12.5,2.75,-0.93,13.0,2.87,-0.85,19.5,2.96,-0.78,20.75,3.07,-0.9,15.75
902,0,2.97,-0.89,-0.18,-0.38,-0.21,-0.34,3.16,-1.31,13.5,3.07,-0.93,15.25,2.87,-0.84,18.5,2.97,-0.77,19.5
903,0,2.97,-0.89,-0.18,-0.38,-0.21,-0.34,3.12,-1.37,13.0,2.91,-0.83,18.25,2.99,-0.77,21.0,3.07,-0.87,17.0
904,0,2.97,-0.89,-0.18,-0.38,-0.21,-0.34,3.1,-1.45,14.75,3.06,-0.97,16.5,2.91,-0.84,18.5,2.98,-0.8,21.0
905,0,2.97,-0.89,-0.18,-0.38,-0.21,-0.34,3.1,-1.48,16.25,3.23,-1.47,13.5,2.93,-0.81,20.5,2.99,-0.76,23.5,3.06,-0.88,18.25
906,0,2.97,-0.89,-0.18,-0.38,-0.21,-0.34,3.05,-1.55,16.25,3.2,-1.55,14.25,2.99,-0.69,19.25,3.09,-0.76,20.25,3.04,-0.68,24.75
907,0,2.97,-0.89,-0.18,-0.38,-0.21,-0.34,3.12,-1.4,14.0,3.27,-1.39,12.0,2.95,-0.77,19.0,3.02,-0.7,22.75,3.08,-0.78,18.25
908,0,2.97,-0.89,-0.18,-0.38,-0.21,-0.34,3.12,-1.41,13.5,2.95,-0.76,18.0,3.01,-0.74,21.75,3.08,-0.8,17.5
909,0,2.97,-0.89,-0.18,-0.38,-0.21,-0.34,2.97,-0.64,16.75,3.03,-0.66,20.75,3.09,-0.65,16.25
910,0,2.97,-0.89,-0.18,-0.38,-0.21,-0.34,3.01,-0.5,15.25,3.05,-0.6,20.25,3.12,-0.56,15.75
911,0,2.97,-0.89,-0.18,-0.38,-0.21,-0.34,3.1,-1.5,13.0,2.96,-0.65,18.0,3.03,-0.61,21.75,3.11,-0.58,16.75
912,0,2.97,-0.89,-0.18,-0.38,-0.21,-0.34,3.09,-1.57,13.5,3.25,-1.53,13.0,2.93,-0.7,18.5,3.02,-0.58,21.5,3.13,-0.52,16.75
913,0,2.96,-0.89,-0.18,-0.38,-0.22,-0.35,2.73,-0.9,13.75,3.06,-1.57,14.25,3.2,-1.61,12.5,2.93,-0.73,18.75,3.02,-0.62,22.25,3.11,-0.58,17.75
914,0,2.96,-0.89,-0.18,-0.38,-0.22,-0.35,3.07,-1.55,13.25,2.91,-0.74,18.75,2.99,-0.68,20.75,3.11,-0.61,16.5
915,0,2.96,-0.89,-0.18,-0.38,-0.22,-0.35,3.09,-1.49,14.0,2.92,-0.73,19.0,3.0,-0.66,21.25,3.1,-0.69,16.75
916,0,2.96,-0.88,-0.18,-0.37,-0.21,-0.34,2.9,-0.8,14.0,2.98,-0.83,16.75,3.04,-0.89,13.0,2.99,-0.7,21.5,3.07,-0.72,16.75
917,0,2.96,-0.88,-0.18,-0.37,-0.21,-0.34,2.92,-0.76,18.0,3.0,-0.7,21.0,3.07,-0.72,16.75
918,0,2.96,-0.88,-0.18,-0.37,-0.21,-0.34,2.92,-0.76,18.25,3.07,-0.72,17.0,3.0,-0.68,21.25
922,0,2.97,-0.87,-0.17,-0.35,-0.2,-0.32,3.04,-0.56,12.25
923,0,2.97,-0.87,-0.17,-0.35,-0.2,-0.32,2.82,-0.85,12.0
924,0,2.96,-0.88,-0.17,-0.36,-0.21,-0.33,2.92,-0.94,13.25,2.96,-0.81,20.25
925,0,2.96,-0.88,-0.17,-0.36,-0.21,-0.33,2.94,-0.87,19.75,3.0,-0.82,24.5
926,0,2.96,-0.88,-0.17,-0.36,-0.21,-0.33,2.93,-0.87,19.5,3.0,-0.83,24.25
927,0,2.96,-0.88,-0.17,-0.36,-0.21,-0.33,2.93,-0.9,19.25,3.02,-0.82,24.75
928,0,2.96,-0.88,-0.17,-0.36,-0.21,-0.33,3.04,-0.76,22.25,3.06,-0.82,20.0
929,0,2.96,-0.88,-0.17,-0.36,-0.21,-0.33,3.04,-0.79,21.5,3.07,-0.82,19.5
930,0,2.96,-0.88,-0.17,-0.36,-0.21,-0.33,3.05,-0.88,17.75
931,0,2.96,-0.88,-0.18,-0.36,-0.21,-0.33,2.79,-0.93,12.75,3.08,-0.78,17.75
934,0,2.96,-0.87,-0.17,-0.35,-0.21,-0.32,2.99,-0.72,12.0,3.07,-0.85,17.25
935,0,2.97,-0.87,-0.17,-0.35,-0.2,-0.32,3.03,-0.81,14.0,3.05,-0.7,21.25,3.07,-0.79,19.0
937,0,2.97,-0.87,-0.17,-0.35,-0.2,-0.32,3.04,-0.73,23.5,3.06,-0.78,20.75,3.01,-0.68,17.75
938,0,2.97,-0.87,-0.17,-0.35,-0.2,-0.32,3.03,-1.51,12.25,2.99,-0.72,17.5,3.04,-0.71,23.25,3.07,-0.76,20.0
939,0,2.97,-0.87,-0.17,-0.35,-0.2,-0.32,3.0,-0.72,17.25,3.04,-0.73,23.25,3.07,-0.75,19.75
940,0,2.97,-0.87,-0.17,-0.35,-0.2,-0.32,2.96,-0.79,17.75,3.0,-0.83,22.5
941,0,2.97,-0.87,-0.17,-0.35,-0.2,-0.32,2.95,-0.86,16.5,3.02,-0.8,21.75
942,0,2.97,-0.86,-0.16,-0.33,-0.18,-0.3,3.07,-0.71,19.5,3.07,-0.79,17.5,3.01,-0.66,14.0,2.97,-0.84,18.25,3.03,-0.78,24.25,3.06,-0.79,21.25
943,0,2.97,-0.86,-0.15,-0.33,-0.17,-0.31,3.05,-0.94,13.5,3.04,-0.8,15.25,2.98,-0.78,17.5,3.03,-0.78,23.25,3.05,-0.83,20.5
944,0,2.97,-0.86,-0.15,-0.33,-0.17,-0.31,2.95,-0.84,18.75,3.01,-0.79,23.5,3.05,-0.82,20.0
945,0,2.97,-0.86,-0.15,-0.33,-0.17,-0.31,2.95,-0.85,18.25,3.0,-0.82,23.0,3.05,-0.85,19.5
946,0,2.97,-0.86,-0.15,-0.33,-0.17,-0.31,3.06,-1.31,12.5,2.97,-0.82,18.5,3.02,-0.79,23.75,3.06,-0.79,20.75
947,0,2.97,-0.86,-0.16,-0.33,-0.18,-0.31,3.02,-0.95,15.0,2.91,-0.86,16.25,2.97,-0.88,18.75,3.03,-1.39,12.75,2.95,-0.84,19.25,3.01,-0.82,24.0,3.05,-0.85,21.0
948,0,2.97,-0.86,-0.16,-0.33,-0.18,-0.31,3.04,-1.38,13.25,2.95,-0.85,18.75,3.01,-0.83,24.25,3.04,-0.86,21.25
949,0,2.97,-0.86,-0.16,-0.33,-0.18,-0.31,3.06,-1.36,12.75,2.92,-0.87,17.0,3.0,-0.84,22.5,3.04,-0.89,19.75
950,0,2.97,-0.86,-0.16,-0.33,-0.18,-0.31,3.04,-1.44,13.25,2.93,-0.88,16.5
951,0,2.97,-0.86,-0.16,-0.33,-0.18,-0.31,3.05,-1.42,14.0,2.93,-0.87,16.75
952,0,2.97,-0.86,-0.16,-0.33,-0.18,-0.31,3.04,-1.47,14.0,2.92,-0.9,16.5
953,0,2.97,-0.86,-0.16,-0.33,-0.18,-0.31,2.95,-0.83,17.75
954,0,2.97,-0.86,-0.16,-0.33,-0.18,-0.31,3.02,-0.97,18.0,2.93,-0.83,17.0,2.99,-0.84,21.5
955,0,2.97,-0.86,-0.16,-0.33,-0.18,-0.31,2.99,-1.57,12.25,2.95,-0.76,16.5,3.01,-0.79,21.25,3.05,-0.88,17.75
956,0,2.97,-0.86,-0.16,-0.33,-0.18,-0.31,3.06,-1.47,14.5,3.05,-0.99,17.5,2.97,-0.68,16.0,3.02,-0.74,20.25
957,0,2.97,-0.86,-0.15,-0.33,-0.17,-0.31,2.81,-0.91,13.75,3.0,-0.69,14.75,3.07,-1.45,14.0,3.05,-0.94,17.25,2.97,-0.72,16.75,3.01,-0.76,20.75
958,0,2.98,-0.86,-0.14,-0.32,-0.16,-0.29,3.07,-0.5,12.0,3.05,-0.92,17.5,2.97,-0.71,16.75,3.01,-0.77,21.0
959,0,2.98,-0.84,-0.14,-0.29,-0.16,-0.27,2.97,-0.73,13.25,3.04,-0.66,16.75,3.1,-0.62,12.75,3.08,-1.42,13.25,3.04,-0.7,19.75,3.1,-0.78,16.75,2.99,-0.59,16.0
960,0,2.98,-0.85,-0.14,-0.31,-0.16,-0.28,2.91,-1.14,13.5,3.1,-1.35,12.75,3.04,-0.7,20.75,3.09,-0.79,17.5,2.99,-0.65,17.0
961,0,2.98,-0.85,-0.14,-0.31,-0.16,-0.28,2.95,-0.63,14.0,3.17,-0.54,13.75,3.07,-0.48,16.75
962,0,2.98,-0.85,-0.14,-0.31,-0.16,-0.28,3.07,-1.49,13.75,2.99,-0.82,19.0,3.1,-0.8,16.25
963,0,2.98,-0.85,-0.14,-0.31,-0.16,-0.28,2.91,-0.87,16.75,3.02,-0.72,20.0,3.09,-0.73,16.75
964,0,2.98,-0.85,-0.14,-0.31,-0.16,-0.28,2.72,-0.98,12.5,2.91,-0.77,19.75,3.01,-0.62,21.75
965,0,2.98,-0.85,-0.14,-0.31,-0.16,-0.28,2.73,-1.02,13.5,2.88,-0.87,21.5,2.98,-0.72,23.0
967,0,2.97,-0.86,-0.15,-0.33,-0.16,-0.3,2.6,-1.32,12.25
968,0,2.97,-0.86,-0.15,-0.32,-0.17,-0.3,3.02,-0.66,13.0
969,0,2.97,-0.85,-0.15,-0.32,-0.17,-0.29,2.84,-0.87,14.25,2.99,-0.8,16.25,3.05,-0.82,12.75
970,0,2.97,-0.86,-0.15,-0.32,-0.18,-0.29,3.04,-1.08,15.0,3.05,-0.83,16.25,2.83,-0.97,20.75,2.98,-0.8,22.25
971,0,2.97,-0.85,-0.15,-0.31,-0.18,-0.28,2.91,-0.79,15.75,3.0,-0.69,17.25,3.09,-0.64,12.5,2.85,-1.02,21.0,2.99,-0.84,24.25,3.07,-0.77,21.0
972,0,2.97,-0.85,-0.15,-0.31,-0.18,-0.28,2.84,-1.06,19.75,3.0,-0.85,23.5,3.07,-0.78,20.5
973,0,2.97,-0.85,-0.15,-0.3,-0.17,-0.28,2.9,-0.81,16.5,2.98,-0.71,18.0,2.68,-1.1,12.25,2.8,-1.12,19.0,3.17,-1.08,12.25,3.0,-0.86,22.5,3.09,-0.77,20.0
974,0,2.97,-0.85,-0.15,-0.3,-0.17,-0.28,2.85,-1.06,19.5,2.99,-0.88,24.0
975,0,2.97,-0.85,-0.15,-0.3,-0.17,-0.28,2.71,-1.12,12.75,3.05,-0.51,13.75,2.91,-0.93,18.75,3.0,-0.84,23.75
976,0,2.97,-0.85,-0.15,-0.3,-0.17,-0.28,2.96,-0.82,21.75,3.02,-0.78,27.0
977,0,2.97,-0.85,-0.14,-0.3,-0.16,-0.28,2.89,-0.83,17.75,2.96,-0.74,18.5,3.06,-0.7,12.75,2.81,-0.9,12.5,2.94,-0.88,23.75,3.15,-0.9,12.75
980,0,2.97,-0.85,-0.14,-0.31,-0.16,-0.29,2.65,-1.06,16.5,2.66,-1.04,18.25,3.13,-0.91,12.25
982,0,2.97,-0.85,-0.14,-0.3,-0.16,-0.28,3.03,-0.62,13.75
984,0,2.97,-0.85,-0.14,-0.31,-0.15,-0.29,2.83,-0.93,15.0,2.92,-0.86,14.5,3.1,-1.08,12.75,3.03,-0.84,24.75
985,0,2.97,-0.85,-0.15,-0.31,-0.16,-0.29,2.76,-0.98,12.5,2.93,-0.84,21.25,3.02,-0.75,25.75,3.05,-0.76,22.5
986,0,2.97,-0.85,-0.14,-0.31,-0.15,-0.29,2.87,-0.8,13.5,2.96,-0.71,13.5,2.92,-0.85,21.75,3.01,-0.79,25.5,3.06,-0.76,22.5
987,0,2.97,-0.85,-0.14,-0.31,-0.15,-0.29,2.92,-0.85,22.0,3.02,-0.74,25.25,3.07,-0.71,22.0
988,0,2.97,-0.85,-0.14,-0.31,-0.15,-0.29,2.94,-0.79,21.0,3.02,-0.73,25.0,3.08,-0.7,21.75
990,0,2.97,-0.85,-0.15,-0.31,-0.15,-0.29,2.83,-0.91,14.0,3.0,-0.68,13.75
991,0,2.97,-0.85,-0.15,-0.3,-0.15,-0.28,2.85,-0.78,13.75,2.97,-0.63,12.5
992,0,2.97,-0.84,-0.15,-0.3,-0.15,-0.28,2.96,-0.56,13.0,2.99,-0.6,13.25
994,0,2.97,-0.84,-0.15,-0.3,-0.15,-0.28,3.07,-0.75,17.75
996,0,2.97,-0.84,-0.14,-0.29,-0.15,-0.27,3.12,-0.56,12.0
997,0,2.97,-0.84,-0.14,-0.29,-0.15,-0.27,3.03,-0.65,23.25
998,0,2.97,-0.84,-0.14,-0.29,-0.15,-0.27,2.74,-0.93,13.75,2.93,-0.75,20.5,3.08,-0.71,19.25,3.03,-0.67,23.5
999,0,2.97,-0.84,-0.14,-0.29,-0.15,-0.27,2.74,-0.92,13.5,2.93,-0.71,20.0,3.03,-0.62,22.5,3.08,-0.68,18.5
1000,0,2.97,-0.84,-0.14,-0.29,-0.15,-0.27,2.88,-0.79,18.75,3.03,-0.55,20.25,3.1,-0.63,15.75
1001,0,2.97,-0.84,-0.14,-0.29,-0.15,-0.27,2.72,-0.92,14.0,2.89,-0.77,18.5,3.04,-0.51,21.0,3.1,-0.63,16.0
1002,0,2.97,-0.84,-0.14,-0.29,-0.15,-0.27,2.84,-0.8,18.0,2.98,-0.61,16.5
1003,0,2.97,-0.84,-0.14,-0.29,-0.15,-0.27,2.86,-0.76,17.5,3.0,-0.55,17.25,3.16,-0.39,12.5
1004,0,2.97,-0.84,-0.14,-0.29,-0.15,-0.27,2.88,-0.71,17.25,3.01,-0.58,16.75
1006,0,2.97,-0.84,-0.14,-0.29,-0.15,-0.27,3.07,-0.83,14.5,2.94,-0.67,18.75,3.0,-0.67,20.25
1007,0,2.97,-0.84,-0.14,-0.29,-0.15,-0.27,2.98,-0.64,21.0,3.03,-0.62,24.25,3.07,-0.68,18.5
1008,0,2.97,-0.84,-0.14,-0.29,-0.15,-0.27,2.96,-0.7,21.5,3.07,-0.74,18.5,3.01,-0.68,24.0
1009,0,2.97,-0.84,-0.14,-0.29,-0.15,-0.27,3.08,-0.75,18.5,2.97,-0.65,19.75,3.04,-0.65,23.25
1010,0,2.97,-0.84,-0.14,-0.29,-0.15,-0.27,2.95,-0.71,20.5,3.07,-0.79,18.5,3.02,-0.67,23.25
1011,0,2.97,-0.84,-0.14,-0.29,-0.15,-0.27,3.07,-0.76,18.75,3.0,-0.62,20.0,3.02,-0.68,23.5
1012,0,2.97,-0.84,-0.14,-0.29,-0.15,-0.27,2.93,-0.82,20.25,3.02,-0.68,23.0,3.09,-0.65,18.5
1013,0,2.97,-0.84,-0.14,-0.29,-0.15,-0.27,2.94,-0.78,21.5,3.0,-0.7,23.5,3.08,-0.66,18.5
1014,0,2.97,-0.84,-0.14,-0.29,-0.15,-0.27,3.0,-0.69,20.25,3.01,-0.72,24.0,3.06,-0.7,18.75
1015,0,2.97,-0.84,-0.14,-0.29,-0.15,-0.27,3.02,-0.65,18.0,3.06,-0.64,22.5,3.09,-0.67,19.0
1016,0,2.97,-0.84,-0.14,-0.29,-0.15,-0.27,3.09,-0.5,20.75,3.12,-0.53,17.75,3.06,-0.46,15.75
1017,0,2.97,-0.84,-0.14,-0.29,-0.15,-0.27,3.09,-0.47,16.75
1018,0,2.97,-0.84,-0.14,-0.29,-0.15,-0.27,3.05,-0.58,12.75
1019,0,2.97,-0.84,-0.14,-0.29,-0.15,-0.27,3.09,-0.76,17.75,3.02,-0.61,15.5,3.06,-0.66,20.5
1020,0,2.97,-0.84,-0.14,-0.29,-0.15,-0.27,3.07,-0.76,18.0
1021,0,2.97,-0.84,-0.14,-0.29,-0.15,-0.27,3.07,-0.75,18.0,3.04,-0.69,21.75
1022,0,2.97,-0.84,-0.14,-0.29,-0.15,-0.27,2.99,-0.75,18.5,3.01,-0.75,22.5,3.06,-0.72,18.0
1023,0,2.97,-0.84,-0.14,-0.29,-0.15,-0.27,2.99,-0.72,18.5,3.02,-0.71,22.5,3.06,-0.7,18.0
1024,0,2.97,-0.84,-0.14,-0.29,-0.15,-0.27,2.99,-0.71,18.0,3.02,-0.71,22.0
1025,0,2.97,-0.84,-0.14,-0.29,-0.15,-0.27,2.98,-0.75,18.0,3.01,-0.75,22.25,3.05,-0.78,17.75
1026,0,2.97,-0.84,-0.14,-0.29,-0.15,-0.27,3.0,-0.69,17.5,3.02,-0.72,21.75,3.05,-0.79,17.75
1027,0,2.97,-0.84,-0.14,-0.29,-0.15,-0.27,2.98,-0.67,16.75,3.0,-0.68,20.0,3.07,-0.61,14.25
1028,0,2.97,-0.84,-0.14,-0.29,-0.15,-0.27,2.97,-0.69,16.0,2.99,-0.68,19.0,2.99,-0.68,19.25,3.06,-0.63,12.5
1029,0,2.97,-0.84,-0.14,-0.29,-0.15,-0.27,2.97,-0.68,17.25,3.0,-0.66,20.0
1030,0,2.97,-0.84,-0.14,-0.29,-0.15,-0.27,3.02,-0.59,13.5
1031,0,2.97,-0.84,-0.14,-0.29,-0.15,-0.27,3.03,-0.57,13.25
1032,0,2.97,-0.84,-0.14,-0.29,-0.15,-0.27,3.04,-0.59,12.75
1033,0,2.97,-0.84,-0.14,-0.29,-0.15,-0.27,3.05,-0.59,12.25
1034,0,2.97,-0.84,-0.14,-0.29,-0.15,-0.27,2.94,-0.74,15.75,2.98,-0.72,18.25
1035,0,2.97,-0.84,-0.14,-0.29,-0.15,-0.27,2.95,-0.7,15.5,2.99,-0.68,18.0
1036,0,2.97,-0.84,-0.14,-0.29,-0.15,-0.27,2.96,-0.65,16.5,2.99,-0.63,18.5,3.09,-0.61,12.0
1037,0,2.97,-0.84,-0.14,-0.29,-0.15,-0.27,2.93,-0.77,17.25,2.94,-0.79,18.75
1038,0,2.97,-0.84,-0.14,-0.29,-0.15,-0.27,2.94,-0.77,16.0,2.97,-0.76,18.5,3.06,-0.65,12.0
1039,0,2.97,-0.84,-0.14,-0.29,-0.15,-0.27,2.95,-0.74,15.25,2.98,-0.76,18.5,3.07,-0.66,13.25
1040,0,2.97,-0.84,-0.14,-0.29,-0.15,-0.27,2.96,-0.73,15.75,2.99,-0.75,19.25,3.05,-0.76,14.5
1041,0,2.97,-0.84,-0.15,-0.29,-0.16,-0.27,3.01,-0.81,12.5,2.99,-0.78,17.75,3.02,-0.8,23.5,3.04,-0.82,20.25
1042,0,2.97,-0.84,-0.15,-0.29,-0.16,-0.27,3.0,-0.8,15.75
1048,0,2.97,-0.84,-0.15,-0.29,-0.16,-0.27,3.04,-0.96,12.5,3.05,-0.78,15.25
1050,0,2.97,-0.84,-0.15,-0.29,-0.16,-0.27,3.0,-0.76,20.75,3.02,-0.78,25.75,3.05,-0.78,21.75
1051,0,2.97,-0.84,-0.15,-0.29,-0.16,-0.27,2.98,-0.79,22.0,3.01,-0.79,26.5,3.04,-0.78,22.5
1052,0,2.97,-0.84,-0.15,-0.29,-0.16,-0.27,2.98,-0.78,22.75,3.01,-0.77,27.25,3.05,-0.75,22.75
1053,0,2.97,-0.84,-0.15,-0.29,-0.16,-0.27,2.99,-0.74,22.0,3.02,-0.74,26.5,3.05,-0.73,22.0
1054,0,2.97,-0.84,-0.15,-0.29,-0.16,-0.27,2.96,-0.78,21.0,2.99,-0.83,24.75,3.03,-0.84,20.25
1055,0,2.97,-0.84,-0.15,-0.29,-0.16,-0.27,2.99,-0.81,14.5
1057,0,2.97,-0.84,-0.15,-0.29,-0.16,-0.27,2.85,-1.02,16.25,2.98,-0.93,20.25,3.03,-0.91,17.25
1058,0,2.97,-0.84,-0.15,-0.29,-0.16,-0.27,3.04,-0.79,19.25
1059,0,2.97,-0.84,-0.15,-0.29,-0.16,-0.27,2.96,-0.78,17.75,3.02,-0.77,22.25,3.06,-0.76,18.75
1060,0,2.97,-0.84,-0.15,-0.29,-0.16,-0.27,2.95,-0.83,18.5,3.01,-0.8,23.0,3.04,-0.82,19.0
1061,0,2.97,-0.84,-0.15,-0.29,-0.16,-0.27,2.95,-0.8,18.75,3.01,-0.8,23.25,3.05,-0.8,19.5
1062,0,2.97,-0.84,-0.15,-0.29,-0.16,-0.27,2.93,-0.81,19.75,3.0,-0.79,23.5,3.05,-0.8,19.75
1063,0,2.97,-0.84,-0.15,-0.29,-0.16,-0.27,2.96,-0.79,20.25
1064,0,2.97,-0.84,-0.15,-0.29,-0.16,-0.27,2.96,-0.77,19.5,3.02,-0.76,24.25,3.06,-0.73,20.75
1065,0,2.97,-0.84,-0.15,-0.29,-0.16,-0.27,2.98,-0.69,19.0,3.05,-0.65,24.75,3.08,-0.63,21.0
1066,0,2.97,-0.84,-0.15,-0.29,-0.16,-0.27,2.97,-0.73,17.25
1067,0,2.97,-0.84,-0.15,-0.29,-0.16,-0.27,3.0,-0.6,18.0,3.05,-0.62,23.0,3.08,-0.67,19.0
1068,0,2.97,-0.84,-0.15,-0.29,-0.16,-0.27,2.97,-0.72,16.75,3.03,-0.71,21.75,3.07,-0.74,18.5
1069,0,2.97,-0.84,-0.15,-0.29,-0.16,-0.27,2.99,-0.71,16.5,3.03,-0.71,21.75,3.08,-0.71,18.25
1070,0,2.97,-0.84,-0.15,-0.29,-0.16,-0.27,2.98,-0.77,18.75,3.03,-0.72,23.75,3.08,-0.7,20.5,3.07,-0.7,20.75
1071,0,2.97,-0.84,-0.15,-0.29,-0.16,-0.27,3.09,-0.63,19.5
1072,0,2.97,-0.84,-0.15,-0.29,-0.16,-0.27,2.76,-0.94,12.25,3.03,-0.74,19.5,3.09,-0.71,17.25
1073,0,2.97,-0.84,-0.15,-0.29,-0.16,-0.27,2.94,-0.83,13.5,2.91,-0.85,17.5,3.01,-0.71,21.0,3.09,-0.62,17.75
1074,0,2.97,-0.84,-0.15,-0.29,-0.16,-0.27,3.05,-0.7,20.0
1075,0,2.97,-0.84,-0.15,-0.29,-0.16,-0.27,3.31,-1.47,12.25,2.93,-0.87,21.25,2.97,-0.8,25.0,3.05,-0.69,20.0
1076,0,2.97,-0.84,-0.15,-0.29,-0.16,-0.27,2.93,-0.84,20.0,2.99,-0.75,24.0,3.07,-0.65,19.0
1077,0,2.97,-0.84,-0.15,-0.29,-0.16,-0.27,2.66,-0.86,12.5,2.93,-0.85,21.25,2.98,-0.81,25.25,3.04,-0.75,20.5
1078,0,2.97,-0.84,-0.15,-0.29,-0.16,-0.27,3.07,-1.45,12.25,3.33,-1.43,12.25,2.92,-0.87,20.5,2.97,-0.81,24.75,3.06,-0.72,19.5
1079,0,2.97,-0.84,-0.15,-0.29,-0.16,-0.27,3.09,-1.42,12.5,3.3,-1.49,12.75,2.92,-0.87,21.5,2.96,-0.82,25.25,3.04,-0.76,19.5
1080,0,2.97,-0.84,-0.15,-0.29,-0.16,-0.27,3.1,-1.48,12.5,3.31,-1.49,12.5,2.9,-0.88,18.5,2.95,-0.84,22.25,3.04,-0.84,16.25
1081,0,2.97,-0.84,-0.14,-0.29,-0.15,-0.27,3.07,-0.71,12.75
1082,0,2.97,-0.84,-0.14,-0.29,-0.15,-0.27,3.05,-0.82,20.25
1083,0,2.97,-0.84,-0.15,-0.29,-0.15,-0.27,2.79,-0.86,13.5,2.89,-0.87,17.5,3.01,-0.75,21.75,3.08,-0.74,18.5
1084,0,2.97,-0.84,-0.15,-0.29,-0.15,-0.27,2.94,-0.81,18.0,3.03,-0.72,23.5,3.08,-0.68,20.75
1085,0,2.97,-0.84,-0.14,-0.29,-0.15,-0.28,2.85,-0.93,13.5,2.97,-0.83,14.75,2.93,-0.84,18.5,2.98,-0.81,23.0,3.05,-0.79,18.5
1086,0,2.97,-0.84,-0.14,-0.29,-0.15,-0.27,3.01,-0.72,15.0,2.95,-0.8,18.75,3.01,-0.76,23.25,3.06,-0.7,20.0
1087,0,2.97,-0.84,-0.14,-0.29,-0.15,-0.27,2.95,-0.78,19.25,3.01,-0.74,23.5,3.06,-0.73,19.25
1088,0,2.97,-0.84,-0.14,-0.29,-0.15,-0.27,2.93,-0.85,18.75,2.99,-0.82,22.75,3.07,-0.76,19.25
1089,0,2.97,-0.84,-0.14,-0.29,-0.15,-0.27,3.06,-0.61,13.75,2.93,-0.84,18.75,3.0,-0.78,22.5,3.06,-0.75,19.0
1090,0,2.97,-0.84,-0.14,-0.29,-0.14,-0.27,2.89,-0.84,12.0,2.99,-0.72,13.75,3.02,-0.79,22.5,3.07,-0.72,19.0
1091,0,2.97,-0.84,-0.14,-0.29,-0.14,-0.27,2.94,-0.86,17.0,3.02,-0.78,21.75,3.08,-0.72,18.5
1092,0,2.97,-0.84,-0.14,-0.29,-0.14,-0.27,2.74,-0.99,13.5,2.96,-0.8,16.5,3.04,-0.74,21.75,3.08,-0.72,18.75
1093,0,2.97,-0.84,-0.14,-0.29,-0.14,-0.27,2.89,-0.87,17.5,3.0,-0.75,20.75,3.1,-0.62,17.25
1094,0,2.97,-0.84,-0.14,-0.29,-0.14,-0.27,2.86,-0.92,17.25,3.01,-0.7,20.0,3.1,-0.61,16.75
1095,0,2.97,-0.84,-0.14,-0.29,-0.14,-0.27,2.88,-0.88,18.75,3.0,-0.73,21.75,3.09,-0.63,17.25
1096,0,2.97,-0.84,-0.14,-0.29,-0.14,-0.27,2.73,-0.96,12.25
1098,0,2.97,-0.84,-0.14,-0.29,-0.14,-0.27,2.72,-0.97,12.0,2.8,-0.99,17.0
1099,0,2.97,-0.84,-0.14,-0.29,-0.14,-0.27,2.7,-0.98,12.0,2.81,-0.94,16.25
1100,0,2.97,-0.84,-0.14,-0.29,-0.14,-0.27,2.72,-0.96,12.25,2.82,-0.94,16.5,2.96,-0.83,16.75
1101,0,2.97,-0.84,-0.14,-0.29,-0.14,-0.27,2.72,-0.97,12.25,2.81,-0.99,17.0,2.95,-0.84,17.5
1106,0,2.97,-0.84,-0.14,-0.29,-0.14,-0.27,2.93,-0.91,15.0
1107,0,2.97,-0.84,-0.14,-0.29,-0.14,-0.27,2.94,-0.89,16.5,3.03,-0.77,21.75
1108,0,2.97,-0.84,-0.14,-0.29,-0.14,-0.27,2.95,-0.87,15.75,3.07,-0.76,19.0
1109,0,2.97,-0.84,-0.14,-0.29,-0.14,-0.27,2.94,-0.87,16.0,3.02,-0.78,21.0,3.07,-0.75,19.0
1113,0,2.96,-0.84,-0.14,-0.3,-0.13,-0.28,2.71,-0.95,14.0,2.73,-0.97,16.5,2.98,-0.73,16.0
1114,0,2.96,-0.84,-0.14,-0.3,-0.13,-0.28,2.98,-0.72,16.5
1115,0,2.96,-0.84,-0.14,-0.3,-0.13,-0.28,2.97,-0.75,16.0,3.06,-0.72,22.25,3.08,-0.76,20.25
1116,0,2.96,-0.84,-0.14,-0.3,-0.13,-0.28,2.97,-0.74,16.0,3.06,-0.73,22.25,3.08,-0.75,20.25
1117,0,2.96,-0.84,-0.14,-0.3,-0.13,-0.28,2.93,-0.83,19.5,3.01,-0.77,23.5,3.06,-0.78,20.75
1118,0,2.96,-0.84,-0.14,-0.3,-0.13,-0.28,2.78,-0.94,12.25,2.92,-0.86,21.25,2.99,-0.81,24.75,3.05,-0.8,21.0
1119,0,2.96,-0.84,-0.14,-0.3,-0.13,-0.28,2.73,-0.97,12.0,2.83,-0.97,18.0,2.94,-0.92,19.5,3.04,-0.91,16.25
1120,0,2.96,-0.84,-0.14,-0.3,-0.13,-0.28,2.72,-0.96,12.75,2.84,-0.94,18.0,2.98,-0.78,20.0,3.07,-0.77,16.0
1121,0,2.96,-0.84,-0.14,-0.3,-0.13,-0.28,2.87,-0.94,16.0,3.03,-0.71,20.25,3.08,-0.71,16.75
1122,0,2.96,-0.84,-0.14,-0.3,-0.13,-0.28,2.86,-0.97,15.75,3.05,-0.7,20.5,3.1,-0.65,18.25
1123,0,2.96,-0.84,-0.14,-0.3,-0.13,-0.28,2.82,-1.01,15.25,3.01,-0.77,18.25,3.08,-0.69,15.5
1124,0,2.96,-0.84,-0.14,-0.3,-0.13,-0.28,3.02,-0.78,15.0,3.08,-0.81,12.75
1127,0,2.96,-0.84,-0.14,-0.3,-0.13,-0.28,3.07,-0.51,12.0
1128,0,2.96,-0.84,-0.14,-0.3,-0.13,-0.28,3.05,-0.63,12.25
1129,0,2.96,-0.84,-0.14,-0.3,-0.13,-0.28,2.95,-0.81,12.75,2.99,-0.84,17.25,3.03,-0.88,13.0
1130,0,2.96,-0.84,-0.14,-0.3,-0.13,-0.28,2.98,-0.83,15.25,3.0,-0.86,20.5,3.02,-0.88,16.75
1131,0,2.96,-0.84,-0.14,-0.3,-0.13,-0.28,2.96,-0.88,16.25,3.0,-0.94,17.25,2.99,-0.89,21.5
1132,0,2.96,-0.84,-0.14,-0.3,-0.13,-0.28,2.96,-0.87,18.5,2.99,-0.85,23.25,3.0,-0.89,19.25
1133,0,2.96,-0.84,-0.14,-0.3,-0.13,-0.28,2.66,-1.24,12.75,2.86,-1.05,22.5,2.94,-0.91,25.75,3.0,-0.83,20.75
1134,0,2.96,-0.84,-0.14,-0.3,-0.13,-0.28,2.84,-1.04,20.0,2.99,-0.79,24.5,3.06,-0.66,20.5
1135,0,2.96,-0.84,-0.14,-0.3,-0.13,-0.28,2.67,-1.09,12.25,2.84,-0.99,19.75,2.98,-0.77,23.25,3.09,-0.54,19.25
1136,0,2.96,-0.84,-0.14,-0.3,-0.13,-0.28,2.81,-1.03,18.25,3.03,-0.6,22.25,3.12,-0.47,19.5
1137,0,2.96,-0.84,-0.14,-0.3,-0.13,-0.28,2.83,-1.02,18.5,3.02,-0.68,23.25,3.11,-0.5,20.0
1138,0,2.96,-0.84,-0.14,-0.3,-0.13,-0.28,2.65,-1.13,12.75,2.85,-0.97,19.5,3.01,-0.71,23.75,3.08,-0.6,20.5
1139,0,2.96,-0.84,-0.14,-0.3,-0.13,-0.28,2.65,-1.13,13.0,2.82,-1.01,20.0,2.97,-0.77,23.5,3.09,-0.54,19.5
1140,0,2.96,-0.84,-0.14,-0.3,-0.13,-0.28,2.67,-1.09,14.0,2.85,-0.94,21.0,2.98,-0.73,24.5,3.08,-0.54,20.25
1141,0,2.96,-0.84,-0.14,-0.3,-0.13,-0.28,3.06,-0.54,25.75,3.1,-0.41,22.0
1142,0,2.96,-0.84,-0.14,-0.3,-0.13,-0.28,2.86,-0.96,19.5,3.03,-0.64,23.0,3.12,-0.44,19.25
1143,0,2.96,-0.85,-0.14,-0.31,-0.14,-0.29,2.64,-1.41,12.5
1144,0,2.96,-0.85,-0.14,-0.31,-0.14,-0.29,2.61,-1.28,12.25,2.83,-1.03,20.0,2.97,-0.82,22.0
1145,0,2.96,-0.85,-0.14,-0.31,-0.14,-0.29,2.8,-1.11,18.5,2.98,-0.83,21.75,3.09,-0.66,18.75
1146,0,2.96,-0.85,-0.14,-0.31,-0.14,-0.29,2.82,-1.07,19.0,2.99,-0.79,22.25,3.1,-0.66,19.0
1147,0,2.96,-0.85,-0.14,-0.31,-0.14,-0.29,2.87,-0.97,18.25,3.07,-0.51,23.25,3.13,-0.53,20.25
1148,0,2.96,-0.85,-0.14,-0.31,-0.14,-0.29,3.04,-0.67,24.75
1149,0,2.96,-0.85,-0.14,-0.31,-0.14,-0.29,3.01,-0.78,25.25,3.07,-0.74,22.0
1154,0,2.96,-0.85,-0.14,-0.31,-0.14,-0.29,2.98,-0.84,25.75,3.01,-0.81,21.25
1155,0,2.96,-0.85,-0.14,-0.31,-0.14,-0.29,2.93,-0.92,19.25,2.94,-0.93,22.75,2.98,-0.92,18.0
1156,0,2.96,-0.85,-0.14,-0.31,-0.14,-0.29,2.94,-0.9,20.25,2.96,-0.9,24.25,2.98,-0.91,19.5
1157,0,2.96,-0.85,-0.14,-0.31,-0.14,-0.29,2.94,-0.89,21.25,2.96,-0.9,24.75,2.97,-0.94,19.5
1158,0,2.96,-0.85,-0.14,-0.31,-0.14,-0.29,2.97,-0.85,17.75,2.99,-0.85,21.75,3.01,-0.87,17.5
1159,0,2.96,-0.85,-0.14,-0.31,-0.14,-0.29,2.97,-0.83,22.0,2.98,-0.84,26.0,3.0,-0.84,21.25
1160,0,2.96,-0.85,-0.14,-0.31,-0.14,-0.29,2.96,-0.83,21.75,2.97,-0.84,25.5,2.99,-0.85,20.0
1161,0,2.96,-0.85,-0.14,-0.31,-0.14,-0.29,2.96,-0.84,19.0,2.98,-0.84,22.75,3.01,-0.83,18.0
1162,0,2.96,-0.85,-0.14,-0.31,-0.14,-0.29,2.96,-0.89,21.75,2.99,-0.89,17.25,2.95,-0.86,18.25
1163,0,2.96,-0.85,-0.14,-0.31,-0.14,-0.29,2.99,-0.89,17.5,2.95,-0.86,19.0,2.96,-0.87,22.5
1164,0,2.96,-0.85,-0.14,-0.31,-0.14,-0.29,2.94,-0.89,18.75,2.95,-0.9,22.5,2.98,-0.9,17.25
1165,0,2.96,-0.85,-0.14,-0.31,-0.14,-0.29,2.97,-0.81,18.5,3.0,-0.78,22.5,3.04,-0.73,18.25
1166,0,2.96,-0.85,-0.14,-0.31,-0.14,-0.29,2.99,-0.77,21.5,3.0,-0.77,25.5,3.02,-0.76,20.75
1167,0,2.96,-0.85,-0.14,-0.31,-0.14,-0.29,2.95,-0.84,19.75,2.96,-0.84,23.0,3.01,-0.83,16.75
1168,0,2.96,-0.85,-0.14,-0.31,-0.14,-0.29,2.96,-0.82,17.75,2.99,-0.79,21.0,3.05,-0.7,15.75
1169,0,2.96,-0.85,-0.14,-0.31,-0.14,-0.29,2.98,-0.79,18.5,3.0,-0.76,22.5,3.05,-0.7,17.75
1170,0,2.96,-0.85,-0.14,-0.31,-0.14,-0.29,2.98,-0.76,19.0,3.01,-0.74,23.0,3.06,-0.65,18.25
1171,0,2.96,-0.85,-0.14,-0.31,-0.14,-0.29,2.98,-0.75,18.0,3.01,-0.72,22.0,3.07,-0.65,17.5
1172,0,2.96,-0.85,-0.14,-0.31,-0.14,-0.29,2.99,-0.74,19.25,3.01,-0.74,23.5,3.06,-0.67,19.0
1173,0,2.96,-0.85,-0.14,-0.31,-0.14,-0.29,3.0,-0.74,20.0,3.01,-0.75,24.25,3.05,-0.72,19.5
1174,0,2.96,-0.85,-0.14,-0.31,-0.14,-0.29,2.98,-0.77,18.5,3.01,-0.77,22.5,3.06,-0.71,18.0
1175,0,2.96,-0.85,-0.14,-0.31,-0.14,-0.29,2.98,-0.75,15.25,3.01,-0.73,19.0,3.09,-0.6,14.75
1176,0,2.96,-0.85,-0.14,-0.31,-0.14,-0.29,2.96,-0.78,15.5,2.98,-0.81,18.75,3.06,-0.72,13.5
1177,0,2.96,-0.85,-0.14,-0.31,-0.14,-0.29,2.99,-0.74,18.25,3.02,-0.72,22.5,3.08,-0.64,18.5
1178,0,2.96,-0.85,-0.14,-0.31,-0.14,-0.29,2.98,-0.78,19.75,3.01,-0.77,24.0,3.05,-0.74,19.75
1179,0,2.96,-0.85,-0.14,-0.31,-0.14,-0.29,2.98,-0.8,20.0,3.0,-0.78,24.25,3.05,-0.72,19.75
1180,0,2.96,-0.85,-0.14,-0.31,-0.14,-0.29,2.97,-0.83,18.0,3.0,-0.78,22.25,3.06,-0.68,17.75
1181,0,2.96,-0.85,-0.14,-0.31,-0.14,-0.29,2.98,-0.77,17.0,3.01,-0.73,21.0,3.09,-0.59,17.25
1182,0,2.96,-0.85,-0.14,-0.31,-0.14,-0.29,3.0,-0.73,20.25,3.01,-0.72,24.25,3.06,-0.65,19.75
1183,0,2.96,-0.85,-0.14,-0.31,-0.14,-0.29,3.01,-0.7,21.25,3.03,-0.69,26.0,3.06,-0.66,22.0
1184,0,2.96,-0.85,-0.14,-0.31,-0.14,-0.29,3.02,-0.68,21.25,3.05,-0.66,26.25,3.08,-0.61,22.5
1185,0,2.96,-0.85,-0.14,-0.31,-0.14,-0.29,3.02,-0.68,20.25,3.05,-0.66,25.5,3.08,-0.62,22.25
1186,0,2.96,-0.85,-0.14,-0.31,-0.14,-0.29,3.02,-0.67,17.25,3.06,-0.65,22.5,3.09,-0.61,19.0
1187,0,2.96,-0.85,-0.14,-0.31,-0.14,-0.29,3.04,-0.64,14.0,3.07,-0.66,20.25,3.09,-0.65,17.75
1188,0,2.96,-0.85,-0.14,-0.31,-0.14,-0.29,3.02,-0.71,12.5,3.06,-0.72,19.0,3.09,-0.69,16.25
1189,0,2.96,-0.85,-0.14,-0.31,-0.14,-0.29,3.04,-0.59,14.5,3.07,-0.67,20.5,3.1,-0.65,18.0
1190,0,2.96,-0.85,-0.14,-0.31,-0.14,-0.29,3.02,-0.63,19.5,3.04,-0.66,24.0,3.07,-0.65,20.0
1191,0,2.96,-0.85,-0.14,-0.31,-0.14,-0.29,3.0,-0.65,20.0,3.03,-0.63,23.75,3.08,-0.56,19.75
1192,0,2.96,-0.85,-0.14,-0.31,-0.14,-0.29,2.99,-0.74,19.75,3.01,-0.74,24.0,3.04,-0.72,19.75
1193,0,2.96,-0.85,-0.14,-0.31,-0.14,-0.29,2.98,-0.8,19.25,3.0,-0.79,23.75,3.04,-0.76,19.5
1194,0,2.96,-0.85,-0.14,-0.31,-0.14,-0.29,2.95,-0.8,18.25,2.96,-0.83,21.25,3.04,-0.77,16.0
1195,0,2.96,-0.85,-0.14,-0.31,-0.14,-0.29,2.97,-0.78,17.25,3.0,-0.75,21.0,3.07,-0.69,17.25
