Session_ID,Recording_Number,Sequence_Number,Frame_count,Track_ID,posy,posz,vely,velz,accy,accz,pointy0,pointz0,snr0,pointy1,pointz1,snr1,pointy2,pointz2,snr2,pointy3,pointz3,snr3,pointy4,pointz4,snr4,pointy5,pointz5,snr5,pointy6,pointz6,snr6,pointy7,pointz7,snr7,pointy8,pointz8,snr8,pointy9,pointz9,snr9,pointy10,pointz10,snr10,pointy11,pointz11,snr11,pointy12,pointz12,snr12,pointy13,pointz13,snr13,pointy14,pointz14,snr14,pointy15,pointz15,snr15,pointy16,pointz16,snr16,pointy17,pointz17,snr17,pointy18,pointz18,snr18,pointy19,pointz19,snr19,pointy20,pointz20,snr20,pointy21,pointz21,snr21,pointy22,pointz22,snr22,pointy23,pointz23,snr23,pointy24,pointz24,snr24,pointy25,pointz25,snr25,pointy26,pointz26,snr26,pointy27,pointz27,snr27,pointy28,pointz28,snr28,pointy29,pointz29,snr29,pointy30,pointz30,snr30,pointy31,pointz31,snr31,pointy32,pointz32,snr32,pointy33,pointz33,snr33,pointy34,pointz34,snr34,pointy35,pointz35,snr35,pointy36,pointz36,snr36,pointy37,pointz37,snr37,pointy38,pointz38,snr38,pointy39,pointz39,snr39,pointy40,pointz40,snr40,pointy41,pointz41,snr41,pointy42,pointz42,snr42,pointy43,pointz43,snr43,pointy44,pointz44,snr44,pointy45,pointz45,snr45,pointy46,pointz46,snr46,pointy47,pointz47,snr47,pointy48,pointz48,snr48,pointy49,pointz49,snr49
175440,1,1,30,0,3.19,-0.18,0.07,-0.46,0.15,-0.68,3.32,-2.28,7.25,3.36,-1.01,13.25,3.43,-1.03,12.75,3.64,-0.83,6.75,3.32,-0.59,9.75,2.76,0.0,5.25,2.95,0.0,5.0,2.63,0.09,4.0,3.15,0.1,7.25,3.64,-0.85,12.75,3.97,-0.68,10.75
175440,1,2,31,0,3.19,-0.31,0.05,-0.69,0.08,-0.81,3.6,-1.81,8.0,3.38,-1.0,12.0,3.49,-0.96,12.25,3.26,-0.67,7.5,3.7,-0.77,8.75,2.91,-0.18,8.75,3.07,-0.29,8.5,2.66,0.03,6.5,2.77,-0.04,9.5,3.35,-1.21,20.0,3.33,-0.96,22.0,3.6,-0.98,13.25,3.96,-0.76,10.75
175440,1,3,32,0,3.22,-0.38,0.1,-0.77,0.13,-0.82,3.92,-0.91,4.0,3.45,-0.61,13.0,3.53,-0.57,10.5,3.71,-0.56,5.0,2.99,-0.19,7.25,3.29,-0.22,8.5,2.82,-0.05,5.5,3.12,-0.0,11.5,3.33,-1.01,21.75,3.36,-1.2,20.0,3.65,-0.88,14.25,3.95,-0.78,12.25,2.95,0.31,28.75
175440,1,4,33,0,3.26,-0.48,0.16,-0.9,0.2,-0.86,3.82,-1.27,8.75,3.63,-0.87,14.75,3.53,-0.74,18.5,2.88,-0.33,4.75,3.03,-0.31,12.75,3.43,-0.53,19.25,3.17,-0.17,16.25,3.31,-0.18,18.5,3.65,-0.97,15.25,3.89,-1.03,14.0,2.9,0.33,22.5,2.95,0.3,28.25
175440,1,5,34,0,3.3,-0.51,0.21,-0.85,0.22,-0.74,3.85,-1.18,7.75,3.61,-0.98,12.25,3.53,-0.63,16.25,3.41,-0.29,18.75,3.11,0.0,10.5,3.2,0.0,18.0,3.29,-0.06,20.0,3.43,-1.13,20.0,3.87,-1.13,16.75,3.38,-0.59,21.5,3.03,0.26,26.25
175440,1,6,35,0,3.34,-0.49,0.23,-0.7,0.19,-0.54,3.86,-1.15,5.5,3.64,-1.0,9.25,3.86,-1.15,5.5,3.5,-0.57,11.0,3.12,-0.02,7.75,3.23,-0.01,18.0,3.3,-0.05,21.25,3.36,-0.07,18.5,3.87,-1.13,16.75,3.39,-0.47,22.0,2.91,0.26,20.5,2.98,0.26,27.25,3.06,0.22,26.25
175440,1,7,36,0,3.37,-0.47,0.26,-0.57,0.18,-0.38,3.66,-0.62,7.25,3.51,-0.23,13.25,3.3,-0.06,9.5,3.39,-0.06,18.5,3.42,-0.08,19.25,3.85,-1.18,16.0,3.66,-0.95,17.75,3.51,-0.74,20.25,3.41,-0.43,23.5,3.33,-0.18,23.25
175440,1,8,37,0,3.4,-0.5,0.25,-0.54,0.13,-0.31,3.54,-0.41,5.25,3.37,-0.32,6.75,3.45,-0.26,9.0,3.82,-1.27,16.5,3.66,-0.96,17.75,3.41,-0.57,23.25,3.33,-0.2,22.5
175440,1,9,38,0,3.42,-0.54,0.25,-0.54,0.09,-0.28,3.8,-0.45,4.25,3.65,-1.0,18.5,3.42,-0.5,22.5,2.86,-0.1,8.75,3.32,-0.18,22.0,3.2,-0.0,19.5
175440,1,10,39,0,3.45,-0.6,0.13,-0.29,0.0,0.0,3.82,-1.29,16.5,3.65,-1.0,19.5,3.54,-0.68,21.0,3.42,-0.38,23.5,3.08,-0.23,14.0,3.33,-0.17,23.75,3.22,-0.04,20.25
175447,2,1,67,0,3.31,-0.06,0.44,-0.43,0.59,-0.69,3.71,-1.57,6.75,3.58,-0.89,11.75,3.49,-0.39,19.5,3.53,-0.56,18.75,3.18,-0.16,12.5,3.37,-0.17,15.5,2.85,-0.03,5.75,3.01,-0.09,9.0,3.72,-0.7,13.5,4.01,-0.42,11.0,3.06,0.25,26.5
175447,2,2,68,0,3.39,-0.23,0.54,-0.72,0.62,-0.89,3.66,-0.88,18.0,3.92,-0.91,11.0,3.55,-0.75,19.0,3.23,-0.38,12.75,3.46,-0.36,20.75,3.06,-0.26,6.75,3.37,-0.25,19.0,3.71,-0.74,16.5,3.95,-0.78,12.5,3.06,0.25,26.5
175447,2,3,69,0,3.43,-0.24,0.51,-0.68,0.47,-0.76,3.68,-0.63,10.25,3.95,-0.79,5.75,3.58,-0.12,16.0,3.23,0.03,10.75,3.36,0.02,14.25,3.5,0.05,17.0,3.56,-0.87,18.0,3.43,-0.37,17.0
175447,2,4,70,0,3.46,-0.24,0.47,-0.61,0.32,-0.62,3.61,-0.31,7.75,3.52,0.09,7.0,3.3,0.56,4.5,3.88,-1.07,14.75
175447,2,5,71,0,3.48,-0.26,0.39,-0.58,0.14,-0.53,3.53,-0.15,11.25,3.55,-0.34,10.25,3.41,0.2,5.5,3.66,-0.86,20.5,3.88,-1.07,14.0
175447,2,6,72,0,3.52,-0.32,0.2,-0.31,0.0,0.0,3.67,-0.84,20.25,3.9,-1.01,14.5
175454,3,1,100,0,3.26,0.03,0.42,-0.28,0.59,-0.48,3.83,-1.23,5.25,3.67,-0.69,6.75,3.46,-0.24,17.5,3.53,-0.3,14.0,2.9,-0.0,8.5,2.99,-0.02,14.5,3.1,-0.07,15.25,3.31,-0.1,14.5,3.39,-0.44,16.0,3.61,-0.42,14.5,3.8,-0.29,14.25,4.02,-0.32,11.75,2.94,0.23,18.25,3.0,0.22,27.0,3.03,0.21,26.75,3.16,0.12,19.75
175454,3,2,101,0,3.33,-0.14,0.52,-0.56,0.62,-0.69,3.51,-0.93,14.0,3.72,-0.62,12.75,3.97,-0.66,7.75,3.07,-0.36,10.5,3.17,-0.34,16.5,3.27,-0.23,18.0,3.4,-0.32,16.0,3.43,-1.2,16.75,3.71,-0.74,14.5,3.39,-0.47,17.0,4.02,-0.3,12.25,3.18,0.04,20.75,2.75,0.22,4.5,2.94,0.2,16.0,3.02,0.2,25.25,3.06,0.17,25.75
175454,3,3,102,0,3.38,-0.21,0.53,-0.64,0.5,-0.69,3.91,-0.99,9.0,3.68,-0.8,13.25,3.47,-0.13,18.25,3.58,-0.3,16.0,3.25,-0.02,11.5,3.36,-0.07,16.5,3.47,-1.06,16.75,3.92,-0.94,13.75,3.41,-0.16,20.25,3.24,0.06,20.75,2.71,0.22,4.25,2.94,0.09,12.75,3.04,0.12,22.5,3.09,0.15,24.25
175454,3,4,103,0,3.43,-0.2,0.49,-0.57,0.34,-0.55,3.96,-0.72,8.0,3.63,-0.14,17.5,3.48,-0.01,24.75,3.51,-0.05,31.25,3.53,-0.06,28.75,3.35,0.24,7.75,3.64,-0.73,16.25,3.96,-0.75,13.0,3.49,-0.12,27.0,3.54,-0.16,24.5,3.34,0.04,22.75,2.71,0.18,4.0,2.93,0.13,11.75,3.04,0.13,21.25,3.13,0.14,23.25
175454,3,5,104,0,3.45,-0.24,0.4,-0.56,0.12,-0.49,3.82,-1.28,4.5,3.41,-0.16,5.75,3.53,-0.05,12.75,3.55,-0.11,10.75,3.72,-0.45,18.0,3.48,-0.14,27.25,3.55,-0.16,24.5,2.93,0.02,11.25,3.05,0.07,21.25,3.13,0.04,23.25,3.34,-0.05,22.75,2.69,0.21,4.25
175454,3,6,105,0,3.45,-0.26,0.25,-0.52,-0.15,-0.39,3.78,-1.39,6.75,3.62,-0.84,10.75,3.29,-0.24,4.75,3.46,-0.0,17.0,3.5,0.01,22.0,3.54,-0.05,19.0,3.57,-1.21,20.75,3.55,-0.24,25.5,3.06,-0.02,17.0,3.18,-0.04,20.5,3.49,-0.1,28.25,2.67,0.17,4.25,2.89,0.14,8.25
175454,3,7,106,0,3.46,-0.31,0.19,-0.55,-0.23,-0.39,3.5,-0.37,7.75,3.58,-0.43,6.75,3.64,-1.1,23.0,3.2,-0.16,18.0,3.57,-0.19,25.5,2.91,0.01,7.75,3.03,-0.06,15.0,3.41,-0.07,22.5,3.5,-0.1,28.0
175454,3,8,107,0,3.48,-0.37,0.08,-0.3,0.0,0.0,3.64,-1.13,23.5,3.82,-1.27,20.25,3.04,-0.11,13.5,3.5,-0.12,27.75,3.58,-0.18,25.25,3.41,-0.06,22.5
175507,4,1,154,0,3.53,-0.54,0.06,-0.33,0.07,-0.23,3.85,-1.19,15.5,3.68,-0.97,19.25,3.61,-0.66,19.0,3.23,-0.32,10.0,3.5,-0.38,18.25,3.37,-0.28,14.75,3.66,-0.95,21.75,3.03,-0.55,4.75,3.6,-0.61,23.0,3.22,-0.41,12.5,3.4,-0.26,17.75,3.52,-0.33,22.25
175507,4,2,155,0,3.56,-0.56,0.1,-0.33,0.11,-0.21,3.72,-0.9,20.5,3.92,-0.91,15.0,3.64,-0.76,16.0,3.44,-0.08,14.0,3.49,0.03,17.5,3.66,-1.01,24.75,3.87,-1.11,20.0,3.03,-0.53,4.25,3.62,-0.7,24.0,3.21,-0.45,11.75
175510,5,1,182,0,3.34,-0.12,0.49,-0.36,0.77,-0.65,3.76,-1.45,11.5,3.53,-0.9,18.5,3.64,-0.94,18.0,3.13,-0.1,9.75,3.25,-0.08,20.25,3.3,-0.06,25.0,3.37,-0.01,21.25,2.93,0.24,17.25,3.01,0.2,25.0,3.09,0.11,25.75
175510,5,2,183,0,3.4,-0.18,0.52,-0.47,0.67,-0.69,3.67,-0.7,17.0,3.94,-0.85,9.25,3.61,-0.41,19.25,3.28,0.08,8.0,3.4,0.01,17.0,3.49,-0.06,19.25,3.41,-0.04,22.5,2.93,0.26,16.75,3.0,0.22,24.5,3.1,0.11,25.25
175510,5,3,184,0,3.44,-0.25,0.5,-0.55,0.49,-0.69,3.68,-0.74,18.0,3.94,-0.82,12.25,3.59,-0.41,20.75,3.51,-0.12,22.0,3.31,0.03,4.75,3.45,0.01,17.25,3.42,-0.05,23.5,2.93,0.27,16.75,3.0,0.21,24.5
175510,5,4,185,0,3.45,-0.22,0.38,-0.44,0.23,-0.52,3.64,-0.3,7.0,3.32,0.06,4.5,3.45,-0.02,17.25,3.48,-0.05,21.75,3.52,-0.07,18.0,3.2,0.04,22.5,3.35,-0.05,26.5,3.45,-0.02,28.25
175510,5,5,186,0,3.45,-0.2,0.29,-0.37,0.04,-0.4,3.3,-0.1,5.5,3.43,-0.05,17.0,3.45,-0.04,20.25,3.48,0.02,14.25,3.23,-0.01,21.75,3.37,-0.04,27.25,3.45,-0.01,29.0
175510,5,6,187,0,3.46,-0.21,0.22,-0.35,-0.09,-0.35,3.48,-0.16,13.0,3.54,-0.13,9.5,3.42,-0.08,9.25
175516,6,1,214,0,3.38,-0.13,0.62,-0.26,0.84,-0.43,3.61,-0.68,24.0,3.63,-0.78,21.25,3.93,-0.88,10.75,3.51,-0.34,20.75,3.11,-0.05,11.25,3.21,0.02,19.25,3.3,0.0,20.75,3.83,-1.26,12.0,3.06,0.12,28.75
175516,6,2,215,0,3.45,-0.18,0.68,-0.35,0.77,-0.47,3.68,-0.74,14.75,3.97,-0.67,10.25,3.55,-0.35,18.5,3.3,-0.19,9.0,3.42,-0.08,19.75,3.46,-0.09,22.25,3.92,-0.94,13.0
175516,6,3,216,0,3.5,-0.24,0.65,-0.42,0.57,-0.48,3.69,-1.15,13.5,3.92,-0.94,11.25,3.43,0.05,8.75,3.51,-0.04,14.75,3.6,-0.03,11.75,3.91,-0.95,12.25
175516,6,4,217,0,3.52,-0.24,0.5,-0.37,0.24,-0.38,3.63,-1.0,10.5,3.91,-0.97,8.25,3.55,-0.14,15.75,3.51,0.05,18.75,3.45,0.21,12.75,3.57,-0.58,23.0,3.46,-0.3,22.75,3.1,0.07,23.0,2.92,0.17,16.75,2.74,0.29,4.75
175516,6,5,218,0,3.54,-0.26,0.37,-0.37,-0.03,-0.33,3.77,-0.68,14.75,3.95,-0.81,13.0,3.65,-0.2,15.0,3.53,0.03,15.25,3.44,0.15,9.25,3.58,-0.58,23.5,3.48,-0.33,22.75,3.1,0.05,22.75,2.91,0.18,17.5,2.98,0.15,23.25,2.75,0.28,5.25
175516,6,6,219,0,3.54,-0.27,0.24,-0.33,-0.25,-0.26,3.94,-0.86,7.0,3.71,-0.59,10.0,3.59,-0.14,14.25,3.45,-0.01,10.5,3.52,0.0,16.0,3.64,-0.88,21.75,3.59,-0.61,24.25,3.48,-0.3,23.25
175516,6,7,220,0,3.56,-0.24,0.18,-0.25,-0.31,-0.17,3.53,0.01,5.0,3.6,0.34,4.5,3.64,-0.85,21.25,3.59,-0.61,24.75,3.49,-0.26,23.5
175524,7,1,259,0,3.13,-0.01,0.1,-0.32,0.19,-0.26,3.44,-1.08,15.5,3.81,-1.32,7.0,3.37,-0.79,16.0,3.59,-1.05,11.25,3.24,-0.25,16.5,2.68,-0.04,4.75,2.81,0.04,9.5,3.03,-0.07,11.0,3.16,-0.03,18.0,3.61,-0.93,15.0,3.97,-0.68,10.25,3.24,-0.19,20.0,3.01,0.32,25.5,2.75,0.47,4.25
175524,7,2,260,0,3.16,-0.12,0.19,-0.48,0.29,-0.37,3.21,-0.31,15.25,3.38,-0.36,11.5,3.54,-0.5,8.5,2.96,-0.12,17.25,3.07,-0.22,17.0,3.74,-0.32,4.25,2.89,-0.06,13.25,3.39,-1.14,19.5,3.62,-0.94,15.25,3.96,-0.72,10.5,3.22,-0.25,21.5,2.93,0.26,18.75,2.99,0.28,26.5,3.04,0.24,26.25,2.76,0.37,4.5
175524,7,3,261,0,3.24,-0.35,0.31,-0.85,0.38,-0.66,3.47,-1.06,23.25,3.79,-1.36,8.25,3.49,-1.03,26.5,3.53,-1.03,21.0,2.99,-0.47,9.5,3.12,-0.17,12.25,3.36,0.13,12.5,3.56,-1.02,17.75,3.97,-0.69,10.75,3.25,-0.32,21.5,2.93,0.22,18.5,2.99,0.25,25.75,3.05,0.21,25.75,2.76,0.37,4.75
175524,7,4,262,0,3.33,-0.47,0.43,-0.98,0.49,-0.72,3.66,-0.91,21.25,3.88,-1.09,14.75,3.61,-0.71,21.75,3.51,-0.35,19.75,3.09,-0.01,4.75,3.24,0.02,13.5,3.35,0.0,17.75,3.39,-0.87,23.5,3.61,-0.91,20.25,3.93,-0.86,13.5,3.28,-0.32,22.0,2.91,0.24,16.75,2.98,0.27,22.75,3.09,0.15,23.0,2.75,0.33,4.25
175524,7,5,263,0,3.38,-0.49,0.45,-0.88,0.4,-0.55,3.75,-0.84,16.0,3.94,-0.82,12.0,3.59,-0.44,12.25,3.3,-0.17,7.0,3.41,-0.0,17.75,3.41,0.09,19.5,3.47,-1.1,23.5,3.61,-1.02,21.75,3.91,-0.97,15.5,3.42,-0.54,23.0,3.29,-0.22,22.25,2.91,0.23,16.0,2.98,0.23,22.0,3.1,0.12,22.25,2.74,0.31,4.25
175524,7,6,264,0,3.43,-0.45,0.44,-0.69,0.29,-0.32,3.9,-1.01,7.5,3.6,-0.45,16.0,3.37,-0.01,7.25,3.48,-0.02,26.0,3.5,-0.05,31.75,3.51,-0.08,28.5,3.61,-0.86,23.25,3.9,-0.99,16.0,3.55,-0.5,28.5,3.38,-0.17,23.75,3.51,-0.24,29.0,2.74,0.34,4.25,2.96,0.32,21.5
175524,7,7,265,0,3.46,-0.42,0.37,-0.51,0.11,-0.12,3.46,0.01,15.5,3.5,-0.07,20.5,3.53,-0.11,17.25,3.66,0.04,7.25,3.92,-0.93,15.75,3.62,-0.72,23.5,2.86,-0.03,10.0
175524,7,8,266,0,3.47,-0.39,0.31,-0.37,-0.02,0.02,3.42,-0.0,10.25,3.48,-0.03,14.25,3.54,-0.07,10.5,3.86,-1.15,15.0,2.84,-0.05,9.75
175536,8,1,299,0,3.22,-0.49,-0.29,-0.33,-0.07,-0.05,3.4,-1.65,6.75,3.15,-1.18,9.25,3.38,-0.91,15.5,3.41,-0.97,11.75,3.9,-0.99,8.0,2.92,0.19,11.5,2.97,0.22,18.75,2.98,0.24,16.75,3.09,0.68,6.75,3.53,-0.91,21.25,3.64,-0.86,18.5,3.93,-0.89,11.5
175537,9,1,317,0,3.38,-0.3,0.42,-0.45,0.47,-0.41,3.53,-0.91,19.0,3.63,-0.89,15.75,3.87,-1.1,8.75,3.46,-0.62,17.0,3.04,-0.13,9.25,3.17,-0.16,12.5,3.32,-0.22,15.0,3.94,-0.84,11.25,3.22,-0.19,23.0,2.69,0.28,10.25
175537,9,2,318,0,3.43,-0.35,0.44,-0.49,0.4,-0.4,3.73,-0.87,18.25,3.58,-0.69,14.25,3.93,-0.88,13.0,3.25,-0.13,11.25,3.07,-0.02,4.25,3.39,-0.08,17.5,3.44,-0.0,20.5,3.23,-0.21,23.0,3.05,0.13,21.5,2.67,0.28,10.25,2.86,0.38,12.5
175537,9,3,319,0,3.47,-0.38,0.42,-0.48,0.28,-0.35,3.92,-0.94,13.75,3.73,-0.84,17.5,3.62,-0.43,16.25,3.27,-0.05,8.75,3.4,0.01,16.25,3.47,-0.05,19.0,3.96,-0.76,12.5,3.24,-0.22,22.5,3.14,-0.04,23.5,3.06,0.11,19.5,2.65,0.28,10.0,2.84,0.42,10.0
175537,9,4,320,0,3.49,-0.36,0.39,-0.39,0.17,-0.22,3.9,-0.99,4.75,3.7,-0.81,6.75,3.55,-0.18,9.5,3.26,-0.04,8.25,3.36,-0.01,14.5,3.42,0.0,14.75,3.96,-0.75,12.0,3.08,0.05,19.25,3.13,0.01,23.5,2.62,0.27,10.25,2.84,0.4,7.75
175537,9,5,321,0,3.52,-0.34,0.35,-0.31,0.08,-0.13,3.6,-0.08,4.25,3.49,0.19,6.0,3.95,-0.8,10.25,3.08,0.03,15.25,3.17,-0.1,20.0
175543,10,1,349,0,3.37,-0.15,0.62,-0.33,0.78,-0.49,3.62,-0.88,14.5,3.88,-1.09,7.25,3.54,-0.74,18.5,3.46,-0.38,18.5,3.34,-0.12,18.75,3.06,-0.06,6.5,3.23,-0.03,13.25,3.53,-0.85,17.25,3.67,-1.0,17.25,3.89,-1.06,13.5,3.38,-0.54,19.25
175543,10,2,350,0,3.45,-0.22,0.67,-0.44,0.71,-0.54,3.73,-0.92,15.0,3.93,-0.9,12.25,3.23,-0.25,9.75,3.6,-0.21,14.25,3.39,-0.07,14.5,3.47,-0.05,18.25,3.52,-0.82,18.25,3.66,-0.99,17.0,3.4,-0.45,21.0
175543,10,3,351,0,3.49,-0.24,0.62,-0.42,0.5,-0.47,3.85,-1.2,7.0,3.67,-0.4,10.5,3.53,-0.16,19.0,3.57,-0.19,18.75,3.27,0.08,6.5,3.43,-0.06,13.75,3.67,-0.93,19.0,3.91,-0.95,14.25
175543,10,4,352,0,3.53,-0.2,0.58,-0.32,0.35,-0.33,3.16,-0.11,4.0,3.62,-0.07,8.5,3.32,0.24,5.75,3.5,0.22,7.0,3.64,-0.89,20.25,3.92,-0.94,14.75,3.56,-0.59,23.25,2.99,0.05,17.75
175550,11,1,379,0,3.43,-0.21,0.61,-0.32,0.72,-0.41,3.88,-1.09,11.25,3.62,-0.71,14.0,3.71,-0.84,15.5,3.25,0.05,11.5,3.32,0.08,16.5,3.43,0.05,15.0,3.01,0.05,24.75,2.76,0.19,4.5,2.93,0.1,17.25
175550,11,2,380,0,3.48,-0.29,0.58,-0.42,0.52,-0.45,3.75,-0.64,18.75,3.94,-0.84,14.25,3.65,-0.44,18.5,3.2,-0.22,5.25,3.41,-0.31,9.75,3.55,-0.29,17.0,3.84,-1.21,13.5,2.75,0.16,4.5
175550,11,3,381,0,3.52,-0.32,0.54,-0.43,0.35,-0.41,3.66,-0.67,18.75,3.94,-0.83,12.5,3.53,-0.14,24.25,3.58,-0.29,23.5,3.48,-0.09,17.5,3.7,-0.89,19.75,3.9,-1.01,17.25,3.29,-0.03,22.25,2.91,0.27,14.75,3.01,0.23,21.5
175550,11,4,382,0,3.56,-0.37,0.51,-0.47,0.25,-0.4,3.58,-0.69,4.75,3.5,-0.32,4.25,3.7,-0.87,19.0,3.9,-1.0,16.25,3.14,0.08,18.5,2.89,0.21,13.5,2.97,0.21,18.25
175550,11,5,383,0,3.61,-0.42,0.27,-0.26,0.0,0.0,3.69,-0.93,19.0,3.91,-0.99,17.0,3.02,-0.1,12.5,2.88,-0.02,8.0
175556,12,1,410,0,3.38,-0.14,0.53,-0.37,0.73,-0.57,3.78,-1.38,10.75,3.66,-0.98,14.25,3.57,-0.67,14.75,3.11,-0.08,5.75,3.24,-0.02,15.75,3.3,0.01,20.0,3.4,-0.06,17.25,3.47,-1.08,18.75,3.59,-1.09,16.25,3.82,-1.28,11.5
175556,12,2,411,0,3.45,-0.24,0.6,-0.51,0.69,-0.63,3.91,-0.98,16.75,3.72,-0.8,20.0,3.62,-0.41,20.25,3.31,-0.09,10.5,3.41,-0.03,19.5,3.48,-0.08,21.75,3.86,-1.15,18.25,3.28,-0.06,22.25
175556,12,3,412,0,3.5,-0.27,0.57,-0.52,0.52,-0.58,3.89,-1.06,10.25,3.72,-0.49,15.75,3.63,-0.13,18.0,3.45,-0.08,11.75,3.54,-0.02,17.75,3.87,-1.11,18.5,2.98,0.28,20.0,2.88,0.33,15.25
175556,12,4,413,0,3.52,-0.28,0.45,-0.49,0.21,-0.49,3.92,-0.93,8.5,3.74,-0.61,9.0,3.43,-0.02,4.0,3.56,-0.05,13.0,3.61,-0.09,13.25,3.86,-1.14,18.25
175556,12,5,414,0,3.53,-0.31,0.32,-0.47,-0.04,-0.41,3.93,-0.86,14.0,3.7,-0.5,18.75,3.6,-0.19,23.75,3.5,-0.08,14.75,3.56,-0.11,24.0,3.67,-0.89,23.0,3.87,-1.12,19.0,3.59,-0.45,25.0,3.5,-0.19,25.75,3.4,-0.11,22.0,2.89,0.19,9.0,2.99,0.21,15.0
175556,12,6,415,0,3.54,-0.27,0.21,-0.35,-0.23,-0.27,3.94,-0.84,7.0,3.47,-0.01,15.25,3.51,-0.03,21.5,3.53,-0.02,19.0,3.67,-0.03,7.75,3.88,-1.08,19.5,3.68,-0.8,23.0,3.6,-0.21,26.25,3.43,-0.05,22.5,3.52,-0.1,27.5
175556,12,7,416,0,3.54,-0.27,0.12,-0.31,-0.33,-0.2,3.44,-0.12,6.75,3.51,-0.12,12.5,3.56,-0.05,10.5,3.68,-0.8,23.0,3.29,-0.12,14.75,3.6,-0.21,26.25,3.43,-0.07,22.25,3.52,-0.1,27.25
175556,12,8,417,0,3.54,-0.25,0.06,-0.25,-0.38,-0.13,3.4,-0.07,6.5,3.49,-0.05,10.0,3.58,-0.1,7.25,3.29,-0.14,15.0,3.43,-0.05,22.5,3.52,-0.09,27.5
175623,13,1,548,0,3.39,-0.33,0.46,-0.46,0.58,-0.54,3.8,-1.35,11.0,3.55,-0.88,20.25,3.62,-0.96,18.0,3.45,-0.44,19.25,3.08,-0.19,9.0,3.22,-0.14,14.75,3.33,-0.22,19.25,3.59,-0.98,16.5,3.9,-1.0,9.5,2.96,0.18,15.25
175623,13,2,549,0,3.45,-0.42,0.5,-0.58,0.53,-0.59,3.63,-0.93,14.0,3.87,-1.11,8.25,3.56,-0.65,16.5,3.25,-0.39,5.75,3.48,-0.35,17.5,3.4,-0.31,14.25,3.58,-0.9,19.25,3.66,-0.87,18.75,3.04,0.07,21.75,3.12,0.0,24.5,3.21,-0.07,22.75,2.95,0.12,13.0
175623,13,3,550,0,3.49,-0.42,0.47,-0.51,0.38,-0.46,3.72,-0.77,15.75,3.94,-0.82,12.5,3.27,-0.17,6.5,3.6,-0.33,17.5,3.42,0.07,15.0,3.49,-0.0,19.0,3.64,-0.91,18.75,3.55,-0.78,20.5,3.14,-0.12,22.25,3.04,0.05,19.5,2.93,0.17,12.0
175623,13,4,551,0,3.51,-0.44,0.4,-0.49,0.18,-0.39,3.65,-0.99,6.25,3.92,-0.92,5.0,3.52,-0.63,10.25,3.46,-0.23,13.75,3.41,-0.03,11.0,3.63,-0.94,19.5,3.58,-0.51,22.25,3.14,-0.15,21.75,2.93,0.04,11.5,3.04,-0.09,19.0
175623,13,5,552,0,3.51,-0.4,0.27,-0.34,-0.07,-0.21,3.66,-0.79,6.0,3.94,-0.85,6.75,3.28,-0.19,6.0,3.51,-0.14,14.5,3.42,-0.06,15.5,3.46,-0.1,19.0,3.58,-0.45,22.75,3.13,-0.14,21.5,2.93,0.0,11.5,3.03,-0.09,19.25
175629,14,1,600,0,3.62,-0.35,-0.05,-0.27,-0.11,-0.19,3.73,-0.63,14.25,3.98,-0.64,8.5,3.64,-0.52,14.0,3.98,-0.64,8.25,3.4,-0.11,8.25,3.53,-0.02,13.0,3.93,-0.88,14.5,3.27,-0.4,9.0,3.45,0.03,19.25
175629,14,2,601,0,3.56,-0.43,-0.23,-0.36,-0.4,-0.23,3.64,-0.93,21.5,3.69,-0.88,24.0,3.92,-0.93,16.75,3.02,-0.46,4.0,3.23,-0.22,10.25,3.35,-0.14,15.5,3.52,-0.19,15.75,3.27,-0.37,11.25,3.43,-0.13,19.75
175629,14,3,602,0,3.49,-0.52,-0.38,-0.44,-0.54,-0.28,3.55,-0.9,11.25,3.61,-1.04,9.5,3.39,-0.66,9.75,3.0,-0.44,7.5,3.13,-0.41,12.25,3.23,-0.47,12.75,3.7,-0.89,23.25,3.9,-1.0,18.5,3.64,-0.55,22.75,3.51,-0.12,21.25
175629,14,4,603,0,3.46,-0.56,-0.27,-0.51,-0.23,-0.34,3.84,-1.22,6.0,2.84,-0.59,10.0,2.95,-0.55,16.25,3.05,-0.42,16.75,3.79,-0.45,7.5,3.18,-0.29,14.25,3.39,-0.2,8.5,3.64,-0.1,8.25,3.69,-0.86,22.75,3.9,-1.02,18.25,2.81,-0.6,4.5,2.99,-0.6,10.0,3.63,-0.53,22.75,3.51,-0.12,21.25
175629,14,5,604,0,3.44,-0.58,-0.26,-0.5,-0.17,-0.31,3.42,-1.3,15.25,3.55,-1.2,13.5,3.9,-0.99,6.25,3.15,-0.15,12.0,3.31,-0.24,14.0,3.44,-0.29,15.0,2.86,0.16,5.25,2.99,0.1,10.75,3.68,-0.92,22.75,3.89,-1.04,18.0,3.01,-0.51,9.75,3.61,-0.77,22.0
175629,14,6,605,0,3.41,-0.55,-0.26,-0.4,-0.14,-0.2,3.21,-1.66,10.25,3.35,-1.7,7.75,3.2,-0.13,25.5,3.29,-0.13,17.5,3.12,0.12,27.0,2.93,0.39,14.25,3.03,0.3,24.0,3.67,-0.94,23.0,3.89,-1.05,17.25,3.6,-0.78,22.25,2.88,0.33,7.0,2.99,0.36,14.0
175638,15,1,624,0,3.52,-0.23,0.49,-0.31,0.34,-0.37,3.96,-0.76,6.5,3.41,-0.49,8.5,3.55,-0.39,17.0,3.58,-0.29,18.0,3.68,-0.3,9.75,3.85,-1.19,11.25,3.61,-1.03,18.5,3.46,-0.11,20.5
175644,16,1,653,0,3.41,-0.35,0.45,-0.33,0.57,-0.38,3.78,-1.39,12.25,3.67,-0.97,16.25,3.63,-0.82,16.75,3.53,-0.4,11.5,3.05,-0.24,5.25,3.17,-0.19,11.25,3.29,-0.21,11.0,3.4,-1.17,17.5,3.58,-1.15,13.5,3.88,-1.07,11.25
175644,16,2,654,0,3.47,-0.39,0.49,-0.38,0.51,-0.38,3.91,-0.96,13.25,3.7,-0.7,17.5,3.6,-0.45,19.5,3.28,-0.24,6.25,3.51,-0.25,19.75,3.43,-0.09,15.25,3.46,-1.07,17.75,3.67,-0.97,15.0,3.92,-0.92,13.25,3.02,0.15,21.0,2.9,0.35,14.25
175644,16,3,655,0,3.51,-0.4,0.48,-0.35,0.39,-0.32,3.78,-0.7,15.25,3.94,-0.84,13.75,3.65,-0.25,14.0,3.42,0.08,10.75,3.5,-0.04,14.75,3.91,-0.95,14.25,3.54,-0.67,18.0,3.7,-0.83,15.25
175652,17,1,690,0,3.28,-0.17,0.24,-0.29,0.31,-0.27,3.62,-0.84,7.75,3.46,-0.69,12.5,3.52,-0.8,13.0,3.06,-0.37,7.25,3.33,-0.39,8.75,2.85,0.01,8.75,2.89,0.02,10.75,3.89,-1.05,11.75,3.36,-0.61,20.5,3.21,-0.11,24.0,2.95,0.15,15.0
175652,17,2,691,0,3.33,-0.24,0.33,-0.4,0.42,-0.35,3.7,-1.6,5.0,3.52,-0.91,12.25,3.61,-1.02,9.5,3.4,-0.51,12.25,3.05,0.06,11.5,3.14,0.03,15.5,3.24,-0.07,15.25,3.89,-1.05,13.0,3.11,0.1,26.75,3.21,-0.09,24.25,2.94,0.18,14.5,3.05,0.15,23.75,3.11,0.1,26.5
175652,17,3,692,0,3.4,-0.35,0.46,-0.56,0.53,-0.46,3.85,-1.18,14.75,3.68,-0.74,18.75,3.48,-0.35,21.0,3.59,-0.51,21.75,3.27,-0.18,13.5,3.36,-0.19,19.25,3.89,-1.03,15.0,3.11,0.09,27.5,3.2,-0.06,24.75,2.95,0.16,14.25
175652,17,4,693,0,3.46,-0.4,0.48,-0.58,0.46,-0.43,3.92,-0.93,13.75,3.7,-0.61,18.75,3.45,-0.18,15.0,3.54,-0.21,21.75,3.61,-0.32,21.75,3.3,-0.02,5.0,3.67,-0.89,21.0,3.9,-1.01,16.25,3.26,-0.18,24.25,3.15,-0.08,24.25
175652,17,5,694,0,3.5,-0.4,0.46,-0.51,0.34,-0.32,3.54,-1.39,10.5,3.91,-0.98,12.0,3.48,-0.05,18.25,3.5,-0.02,24.5,3.49,0.1,21.0
175652,17,6,695,0,3.52,-0.35,0.38,-0.35,0.13,-0.14,3.65,-0.21,9.75,3.46,0.01,15.25,3.52,-0.02,21.0,3.55,-0.05,19.25,3.66,-0.68,23.75,3.61,-0.38,28.0,3.55,-0.21,27.0
175652,17,7,696,0,3.55,-0.35,0.36,-0.29,0.08,-0.07,3.46,0.23,6.25,3.56,-0.25,28.0,3.6,-0.34,29.0
175652,17,8,697,0,3.58,-0.36,0.35,-0.26,0.06,-0.05,3.49,-0.16,4.0,3.6,-0.35,29.25,3.66,-0.57,23.75,3.57,-0.26,28.25,3.43,-0.08,19.0
175652,17,9,698,0,3.61,-0.4,0.35,-0.29,0.04,-0.06,3.81,-0.54,4.25,3.92,-0.93,18.75,3.56,-0.23,28.0,3.6,-0.33,29.0,3.44,-0.07,19.0
175659,18,1,727,0,3.26,0.05,0.41,-0.28,0.51,-0.51,3.65,-1.69,4.25,3.6,-0.92,8.25,3.5,-0.77,14.25,3.33,-0.46,15.5,2.97,-0.09,10.25,3.17,-0.12,23.0,2.97,-0.09,10.25,3.08,-0.08,22.0,3.12,-0.09,26.25,3.47,-0.93,18.0,3.58,-0.98,11.75
175659,18,2,728,0,3.31,-0.07,0.47,-0.48,0.51,-0.65,3.64,-1.73,9.25,2.87,-0.54,4.0,3.74,-0.67,7.75,3.57,-0.55,10.5,3.07,-0.28,13.25,3.16,-0.17,19.0,3.22,-0.13,19.0,3.36,-0.14,12.5
175659,18,3,729,0,3.36,-0.15,0.5,-0.59,0.46,-0.68,3.76,-1.44,7.25,3.67,-0.82,10.0,3.09,-0.36,4.0,3.5,-0.44,13.5,3.38,-0.12,20.75,3.29,-0.08,15.0,3.34,-0.1,22.5
175659,18,4,730,0,3.42,-0.26,0.48,-0.72,0.31,-0.73,3.6,-0.63,16.5,3.72,-0.75,17.5,3.95,-0.77,11.75,3.23,-0.34,10.0,3.38,-0.15,15.5,3.48,-0.17,18.5,3.8,-1.32,10.25,3.51,-0.73,18.5
175659,18,5,731,0,3.45,-0.27,0.43,-0.66,0.18,-0.6,3.9,-1.02,8.5,3.61,-0.39,16.25,3.36,0.01,11.75,3.46,-0.02,27.75,3.48,-0.06,32.25,3.51,-0.11,28.25,3.78,-1.39,9.75,3.47,-0.12,27.75,2.94,0.06,8.0,3.05,0.05,18.25,3.2,0.03,21.0
175659,18,6,732,0,3.48,-0.25,0.39,-0.56,0.07,-0.45,3.84,-1.22,4.75,3.62,-0.42,8.75,3.33,0.09,10.75,3.43,0.09,22.75,3.46,0.04,26.0,3.5,-0.03,21.0,3.82,-1.28,11.25,3.61,-0.72,15.0,2.94,-0.03,7.75,3.06,0.03,17.5,3.2,0.01,20.75
175659,18,7,733,0,3.51,-0.26,0.37,-0.52,0.02,-0.37,3.41,0.0,8.75,3.49,-0.06,13.0,3.55,-0.06,10.5,3.76,-1.45,11.5
175659,18,8,734,0,3.54,-0.25,0.34,-0.44,-0.03,-0.27,3.46,-0.02,9.75,3.56,-0.05,5.0,3.39,0.19,6.5,3.81,-1.31,11.0
175659,18,9,735,0,3.56,-0.26,0.3,-0.4,-0.08,-0.21,3.4,-0.16,8.0,3.48,-0.07,11.5,3.54,-0.1,8.5,3.82,-1.27,11.0
175707,19,1,766,0,3.37,-0.1,0.53,-0.4,0.54,-0.58,3.81,-1.32,13.25,3.7,-0.96,17.0,2.98,-0.36,6.0,3.16,-0.43,8.0,3.64,-0.54,15.0,3.36,-0.21,12.75,3.49,-0.1,15.0,3.87,-1.13,10.25,3.05,0.09,24.75,3.17,-0.01,18.75,2.94,0.21,15.25,3.01,0.15,24.0
175707,19,2,767,0,3.43,-0.25,0.51,-0.63,0.37,-0.71,3.91,-0.96,14.5,3.65,-0.7,18.5,3.71,-0.83,19.75,3.02,-0.42,6.5,3.14,-0.44,11.5,3.33,-0.15,12.75,3.53,-0.16,15.5,3.58,-0.9,18.0,3.43,-0.58,15.75,3.69,-0.83,18.25,3.95,-0.79,12.0,3.17,0.01,19.0,2.95,0.17,14.25,3.03,0.13,24.0,3.05,0.11,25.25
175707,19,3,768,0,3.47,-0.31,0.46,-0.67,0.21,-0.68,3.91,-0.97,11.5,3.67,-0.75,17.25,3.57,-0.42,20.75,3.3,-0.2,8.25,3.42,-0.13,19.0,3.49,-0.16,22.5,3.67,-0.74,19.75,3.94,-0.83,12.75,3.59,-0.54,21.75,3.3,-0.11,19.5,2.89,0.51,11.5
175707,19,4,769,0,3.49,-0.34,0.36,-0.66,0.0,-0.59,3.66,-0.86,6.5,3.59,-0.42,9.5,3.52,-0.16,10.25,3.41,-0.08,5.5,3.91,-0.97,13.5,2.84,-0.54,6.0,3.65,-0.76,21.0,3.05,-0.06,13.0,3.19,-0.06,16.75
175707,19,5,770,0,3.49,-0.39,0.23,-0.65,-0.22,-0.51,3.87,-1.11,9.5,3.67,-0.83,13.5,3.57,-0.36,16.75,3.44,-0.14,15.5,3.48,-0.14,19.25,3.92,-0.95,16.25,3.66,-0.76,23.0,2.88,-0.33,4.5,3.59,-0.48,25.25,3.05,-0.14,12.25
175707,19,6,771,0,3.48,-0.39,0.11,-0.58,-0.37,-0.4,3.73,-0.64,4.25,3.22,-0.48,9.0,3.35,-0.24,15.0,3.4,-0.13,15.25,3.51,-0.21,7.25,3.04,-0.28,11.5
175707,19,7,772,0,3.49,-0.47,0.06,-0.64,-0.4,-0.42,3.76,-0.8,5.75,2.99,-0.61,7.5,3.68,-0.81,23.75
175707,19,8,774,0,3.5,-0.6,0.01,-0.34,0.0,0.0,3.91,-0.96,18.25,3.69,-0.79,23.75,3.06,-0.43,5.5
175715,20,1,805,0,3.26,-0.15,0.34,-0.57,0.46,-0.76,3.62,-1.1,7.25,3.83,-1.25,4.25,3.52,-0.96,9.25,3.31,-0.65,8.25,3.11,-0.32,17.25,2.88,-0.14,9.75,3.0,-0.25,14.5,3.18,-0.28,16.5,3.45,-0.95,15.0,3.72,-0.55,9.75,3.17,0.07,22.0,2.93,0.21,19.25,3.0,0.24,27.5,3.04,0.23,27.75
175715,20,2,806,0,3.29,-0.27,0.39,-0.75,0.47,-0.86,3.66,-1.67,4.75,3.53,-1.33,4.75,3.6,-1.06,4.75,2.85,-0.46,4.0,3.48,-0.7,10.75,2.85,-0.46,4.0,3.01,-0.37,11.5,3.15,-0.22,14.25,3.3,-0.13,16.25,3.39,-0.32,15.0,3.44,-0.98,15.25,3.73,-0.5,10.25,3.99,-0.58,7.75,2.93,0.21,19.0,3.01,0.21,27.0,3.05,0.17,27.5
175715,20,3,807,0,3.35,-0.34,0.43,-0.81,0.45,-0.83,3.68,-0.89,10.25,3.94,-0.86,5.5,3.53,-0.42,11.25,3.07,-0.23,5.0,3.25,-0.17,13.25,3.34,-0.14,19.5,3.38,-0.17,18.5,3.51,-0.92,17.0,3.68,-0.9,15.25,3.19,-0.01,21.75,2.93,0.18,18.5,3.0,0.19,26.25,3.05,0.2,26.75
175715,20,4,808,0,3.39,-0.38,0.43,-0.81,0.35,-0.74,3.74,-0.86,15.25,3.94,-0.83,12.5,3.07,-0.22,4.75,3.21,-0.3,12.0,3.36,-0.15,15.5,3.46,-0.1,19.0,3.58,-0.08,14.75,3.54,-0.83,16.25,3.7,-0.91,15.75,3.91,-0.99,12.75
175715,20,5,809,0,3.44,-0.42,0.4,-0.78,0.22,-0.64,3.71,-1.11,14.75,3.91,-0.97,14.25,3.3,-0.28,7.75,3.43,-0.13,19.25,3.44,-0.07,23.25,3.52,0.08,16.25,3.71,-0.92,16.5,3.56,-0.67,16.25,3.26,-0.12,21.75,3.4,-0.14,19.5
175715,20,6,810,0,3.46,-0.44,0.35,-0.71,0.08,-0.5,3.39,-0.25,7.75,3.5,-0.16,11.75,3.56,-0.12,10.0,3.69,-0.89,17.25,3.59,-0.62,17.5,3.93,-0.87,13.75,3.44,-0.13,19.0
175715,20,7,811,0,3.49,-0.46,0.32,-0.66,0.01,-0.41,3.49,-0.12,4.75,3.63,-0.2,4.25,3.66,-0.97,17.0,3.89,-1.04,13.75,2.91,-0.12,10.25,3.01,-0.22,17.0
175715,20,8,812,0,3.51,-0.47,0.26,-0.59,-0.09,-0.3,3.49,-0.13,5.5,3.62,-0.24,5.0,3.65,-0.95,17.0,3.89,-1.06,13.5,3.04,-0.35,13.75,2.91,-0.25,5.25,3.56,-0.27,20.5
175715,20,9,813,0,3.52,-0.53,0.22,-0.61,-0.14,-0.29,3.77,-0.65,4.5,3.66,-0.97,17.25,3.9,-1.02,14.0,3.56,-0.23,20.5,3.47,-0.1,23.75
175715,20,10,814,0,3.55,-0.6,0.1,-0.32,0.0,0.0,3.66,-0.96,17.25,3.9,-1.0,13.75,3.41,-0.15,19.75,3.57,-0.18,20.25,3.48,-0.09,23.75
175723,21,1,848,0,3.18,-0.05,0.33,-0.41,0.55,-0.62,3.46,-1.06,9.0,3.85,-1.18,4.25,3.3,-0.89,9.0,3.67,-0.93,6.0,3.17,-0.4,13.25,3.02,-0.12,12.75,3.1,-0.25,16.25,2.88,-0.05,7.25,3.47,-0.93,17.5,3.59,-1.02,12.75,2.92,0.09,18.25,3.0,0.09,24.75,3.06,0.03,25.25
175723,21,2,849,0,3.24,-0.17,0.45,-0.6,0.64,-0.74,3.19,-1.41,6.5,3.62,-1.08,8.25,3.82,-1.29,5.75,3.54,-1.03,10.75,2.94,-0.09,7.75,3.06,-0.11,19.0,2.94,-0.09,7.75,3.03,-0.07,17.5,3.15,-0.09,14.0,3.35,0.48,6.75,3.84,-1.22,9.5,3.47,-0.97,17.25,3.61,-1.02,13.75,2.91,0.17,17.0
175723,21,3,850,0,3.31,-0.28,0.52,-0.77,0.61,-0.82,3.82,-1.29,8.75,3.62,-0.98,14.5,3.55,-0.75,17.0,3.42,-0.37,17.5,3.29,-0.15,19.5,3.1,-0.07,8.25,3.22,-0.07,17.0,3.46,-0.97,17.5,3.62,-1.06,14.75,3.9,-1.01,11.25,3.24,-0.14,22.25
175723,21,4,851,0,3.37,-0.38,0.52,-0.85,0.47,-0.8,3.54,-1.18,12.5,3.75,-0.87,18.25,3.93,-0.91,13.0,3.25,-0.21,7.25,3.38,-0.08,15.25,3.41,0.06,16.25,3.48,-1.05,18.5,3.67,-0.9,17.5,3.93,-0.89,12.75,3.93,-0.89,12.5,3.27,-0.11,21.75,3.13,0.01,21.25,2.88,0.24,15.25,2.98,0.21,20.25,2.73,0.27,5.5
175723,21,5,852,0,3.43,-0.4,0.49,-0.79,0.31,-0.66,3.76,-0.73,18.0,3.94,-0.85,13.5,3.69,-0.33,14.75,3.25,-0.01,7.0,3.36,0.07,14.0,3.48,0.07,14.0,3.73,-0.86,21.5,3.6,-0.74,18.5,3.27,-0.15,20.75,2.88,0.24,14.5,2.99,0.19,20.0,3.11,0.13,20.75,2.72,0.28,5.25
175723,21,6,853,0,3.46,-0.4,0.39,-0.66,0.06,-0.47,3.76,-0.6,4.75,3.76,-0.6,4.75,3.49,-0.08,7.75,3.62,-0.07,5.0,3.38,0.15,4.25,3.61,-0.71,18.25,3.73,-0.84,21.25,3.31,-0.15,20.5,3.15,-0.04,18.25,2.72,0.18,5.0,2.86,0.21,13.75,2.98,0.1,17.25
175723,21,7,854,0,3.48,-0.46,0.3,-0.67,-0.13,-0.42,3.73,-0.95,7.25,3.89,-1.05,5.0,3.49,-0.09,7.0,3.63,-0.07,4.75,3.73,-0.85,21.25,3.61,-0.67,18.25,3.31,-0.16,20.75,2.72,0.05,4.0,2.88,0.08,13.0,2.99,0.09,17.25,3.15,-0.04,18.5
175723,21,8,855,0,3.51,-0.53,0.14,-0.36,0.0,0.0,3.71,-0.85,21.5,3.92,-0.93,17.0,3.6,-0.56,20.5,3.21,-0.11,17.75,3.34,-0.15,21.5
175748,22,1,970,0,3.32,-0.14,0.48,-0.41,0.65,-0.6,3.8,-1.33,8.5,3.56,-0.95,17.5,3.63,-0.96,16.75,3.42,-0.21,16.5,3.12,-0.04,7.5,3.23,-0.04,16.5,3.28,-0.1,19.75,3.64,-0.9,16.0,3.94,-0.83,8.75,3.19,-0.11,20.75,3.05,0.15,25.0
175748,22,2,971,0,3.38,-0.24,0.53,-0.56,0.6,-0.68,3.66,-0.75,11.5,3.94,-0.85,8.25,3.49,-0.52,17.5,3.31,-0.25,12.5,3.38,-0.24,21.75,3.41,-0.31,22.75,3.9,-1.03,10.0,3.2,-0.08,22.25,2.98,0.27,26.0,3.06,0.2,26.5,2.75,0.33,10.5
175748,22,3,972,0,3.43,-0.27,0.51,-0.56,0.43,-0.6,3.74,-0.66,16.75,3.95,-0.79,12.0,3.64,-0.42,16.25,3.39,0.1,16.0,3.47,0.07,16.75,3.28,0.11,6.5,3.9,-1.01,10.25,2.73,0.33,10.5,2.83,0.32,18.75
175748,22,4,973,0,3.45,-0.24,0.42,-0.44,0.21,-0.43,3.44,0.08,12.0,3.49,-0.02,17.0,3.54,-0.07,13.75,3.69,0.11,5.0,3.91,-0.95,12.25,3.46,-0.07,25.0,2.73,0.31,10.0,2.83,0.3,18.25
175748,22,5,974,0,3.47,-0.26,0.31,-0.43,-0.03,-0.38,3.68,-0.69,12.5,3.95,-0.81,8.5,3.56,-0.17,17.25,3.45,-0.02,15.25,3.49,-0.1,20.0,3.92,-0.92,14.25,3.67,-0.75,19.75,3.48,-0.12,25.25,2.89,0.1,9.0
175748,22,6,975,0,3.48,-0.28,0.21,-0.41,-0.2,-0.31,3.88,-1.08,5.0,3.65,-0.64,8.75,3.55,-0.16,16.75,3.46,-0.02,10.75,3.53,-0.08,18.5,3.92,-0.93,14.5,3.68,-0.71,19.5,3.48,-0.13,25.5,3.57,-0.28,23.5
175748,22,7,976,0,3.47,-0.27,0.11,-0.34,-0.33,-0.22,3.3,-0.14,4.25,3.44,-0.11,15.25,3.5,-0.2,15.0,3.47,-0.11,19.25,3.92,-0.92,14.75,3.67,-0.72,19.25,3.39,-0.14,22.75,3.48,-0.13,26.0,3.57,-0.23,24.0
175748,22,8,977,0,3.48,-0.35,0.02,-0.42,-0.44,-0.26,3.89,-1.06,4.0,3.53,-0.64,11.25,3.66,-0.69,10.25,3.61,-0.49,14.5,3.32,0.43,6.75,3.9,-1.0,15.75,3.69,-0.66,20.0,3.39,-0.14,22.5,3.49,-0.16,26.25,3.58,-0.25,24.75,3.27,-0.07,16.25
175748,22,9,978,0,3.47,-0.32,-0.04,-0.33,-0.47,-0.16,3.46,-0.01,6.25,3.34,0.31,5.25,3.67,-0.73,20.25,3.31,-0.11,12.25,3.5,-0.11,26.25,3.43,-0.07,21.5
175756,23,1,1012,0,3.21,-0.04,0.35,-0.36,0.45,-0.49,3.72,-1.56,5.75,3.62,-1.12,6.75,3.37,-0.56,11.75,3.51,-0.76,10.0,3.18,-0.18,15.5,2.91,0.05,14.5,2.99,0.03,20.0,3.05,-0.03,20.5,3.96,-0.73,9.0,2.74,0.26,8.5,2.88,0.36,17.0
175756,23,2,1013,0,3.27,-0.16,0.42,-0.57,0.48,-0.63,3.5,-1.99,4.5,3.4,-0.63,10.75,3.05,-0.29,7.5,3.61,-0.55,14.25,3.68,-0.51,9.5,3.05,-0.29,7.5,3.25,-0.18,16.0,3.2,-0.06,14.5,3.39,-0.38,16.75,3.98,-0.59,9.5,2.73,0.25,8.25,2.88,0.29,16.25
175756,23,3,1014,0,3.32,-0.31,0.47,-0.8,0.46,-0.78,3.81,-1.3,8.5,3.54,-0.89,12.5,3.67,-0.96,10.75,3.41,-0.47,11.5,3.08,-0.13,7.25,3.18,-0.21,14.0,3.26,-0.14,14.5,3.91,-0.95,9.5,2.73,0.26,8.25,2.89,0.26,16.0
175756,23,4,1015,0,3.38,-0.38,0.46,-0.83,0.34,-0.73,3.71,-0.81,16.0,3.95,-0.8,12.0,3.61,-0.4,17.0,3.39,-0.18,15.5,3.48,-0.22,18.25,3.26,-0.07,8.25,3.0,0.07,19.75,2.72,0.23,7.75,2.86,0.26,14.5
175756,23,5,1016,0,3.42,-0.39,0.43,-0.75,0.21,-0.57,3.89,-1.06,10.25,3.67,-0.56,16.5,3.3,-0.17,8.75,3.58,-0.14,21.25,3.43,-0.09,19.5,3.49,-0.08,23.25,3.43,-0.15,21.5,2.7,0.21,8.0,2.81,0.31,13.5
175756,23,6,1017,0,3.46,-0.37,0.41,-0.6,0.13,-0.38,3.6,0.07,6.25,3.35,0.19,6.5,3.47,0.14,8.25,2.7,0.17,7.5,2.83,0.25,12.5
175756,23,7,1018,0,3.48,-0.39,0.33,-0.55,-0.03,-0.29,3.73,-0.65,7.25,3.65,-0.22,9.0,3.55,0.02,7.0,3.58,-0.4,20.0,3.33,-0.17,21.0,3.46,-0.18,22.75,3.03,-0.07,14.75,2.83,0.15,11.0
175756,23,8,1019,0,3.5,-0.42,0.26,-0.52,-0.14,-0.23,3.73,-0.69,4.5,3.52,-0.12,5.5,3.63,-0.33,6.0,3.58,-0.4,21.0,3.22,-0.24,17.25,3.36,-0.15,21.75,3.46,-0.19,23.5,2.87,0.06,7.5
175756,23,9,1020,0,3.5,-0.37,0.18,-0.36,-0.26,-0.07,3.58,-0.13,7.75,3.39,-0.05,5.75,3.5,-0.02,9.5,3.57,-0.38,23.0,3.25,-0.29,15.75,3.38,-0.17,21.75,3.47,-0.23,24.75
175756,23,10,1021,0,3.5,-0.35,0.09,-0.26,-0.36,0.03,3.38,-0.3,4.5,3.58,-0.21,8.0,3.52,-0.08,9.25,3.09,-0.35,6.0,3.57,-0.4,23.0,3.26,-0.29,15.25,3.39,-0.16,21.5,3.47,-0.23,24.75
175804,24,1,1051,0,3.41,-0.29,0.44,-0.43,0.46,-0.53,3.86,-1.16,16.0,3.67,-1.02,19.25,3.58,-0.6,19.0,3.04,-0.28,5.0,3.39,-0.17,19.5,3.45,-0.29,21.25,3.28,0.03,11.0,3.85,-1.2,12.75
175804,24,2,1052,0,3.46,-0.35,0.48,-0.49,0.45,-0.53,3.67,-0.84,12.5,3.92,-0.91,10.5,3.05,-0.39,6.0,3.18,-0.36,12.5,3.57,-0.28,17.75,3.37,-0.1,15.25,3.5,-0.09,19.25
175804,24,3,1053,0,3.49,-0.34,0.45,-0.42,0.31,-0.42,3.9,-1.01,7.25,3.24,-0.33,5.0,3.44,-0.17,13.0,3.68,-0.34,12.5,3.54,-0.05,19.25,3.59,-0.08,19.25,2.87,0.28,12.75
175804,24,4,1054,0,3.51,-0.28,0.35,-0.28,0.09,-0.24,3.28,-0.22,6.25,3.46,-0.01,16.5,3.53,0.02,22.75,3.57,-0.02,22.25,3.65,-0.1,13.25
175804,24,5,1055,0,3.52,-0.3,0.26,-0.27,-0.08,-0.2,3.59,-0.38,15.25,3.62,-0.21,18.5,3.67,-0.31,11.5,3.45,0.03,5.25
175810,25,1,1082,0,3.3,-0.1,0.39,-0.3,0.55,-0.5,3.89,-1.04,5.5,3.65,-0.8,7.5,3.43,-0.39,14.5,3.55,-0.5,13.5,3.06,-0.12,12.0,3.14,-0.02,16.5,3.26,-0.05,16.0,3.49,-1.04,19.75,3.39,-0.87,19.75,3.61,-1.02,17.25,3.91,-0.96,12.25
175810,25,2,1083,0,3.36,-0.24,0.46,-0.54,0.56,-0.66,3.76,-1.45,9.5,3.71,-0.96,11.5,2.99,-0.58,6.0,3.59,-0.74,10.5,3.16,-0.45,11.0,3.27,-0.33,13.25,3.42,-0.19,12.0,3.47,-1.09,19.5,3.39,-0.82,19.5,3.61,-1.06,16.5,3.87,-1.13,13.0,2.95,0.33,15.25
175810,25,3,1084,0,3.4,-0.25,0.45,-0.51,0.45,-0.57,3.63,-0.47,10.75,3.31,-0.26,12.25,3.42,-0.12,23.0,3.5,-0.11,20.25,3.44,-0.1,25.75,3.67,-0.84,18.75,3.57,-0.7,20.25,3.94,-0.85,13.0
175810,25,4,1085,0,3.45,-0.29,0.45,-0.53,0.34,-0.53,3.76,-0.74,18.0,3.94,-0.83,14.0,3.45,-0.06,14.5,3.5,-0.02,20.0,3.62,0.0,16.75,3.69,-0.83,19.0,3.94,-0.82,14.75,3.59,-0.53,20.0,2.93,0.24,11.75
175810,25,5,1086,0,3.48,-0.35,0.38,-0.57,0.16,-0.51,3.66,-0.83,13.25,3.92,-0.91,11.25,3.65,-0.83,13.0,3.29,-0.35,9.75,3.42,-0.19,19.75,3.47,-0.13,23.75,3.53,-0.18,19.75,3.69,-0.77,19.5,3.94,-0.85,14.5,3.58,-0.37,21.0,3.48,-0.13,24.25,2.9,0.1,6.75
175810,25,6,1087,0,3.52,-0.41,0.2,-0.31,0.0,0.0,3.92,-0.92,15.0,2.84,-0.54,4.5,3.02,-0.49,11.75,3.58,-0.31,21.5
175828,26,1,1158,0,3.09,-0.0,0.12,-0.31,0.18,-0.19,3.22,-1.06,7.25,3.48,-0.87,4.5,3.09,0.15,16.0,2.93,0.35,16.0,2.99,0.35,25.0,3.01,0.32,25.0,3.3,-1.67,10.75,3.32,-1.31,18.0,3.92,-0.93,6.75,3.0,0.28,25.5,3.03,0.15,26.0,2.93,0.36,17.0
175829,27,1,1168,0,3.09,-0.05,-0.02,-0.32,-0.07,-0.23,3.35,-0.83,8.25,3.51,-0.78,6.5,3.01,-0.18,11.0,3.08,-0.26,13.75,3.2,-0.3,9.75,2.83,0.34,6.25,3.4,-1.41,10.75,3.32,-1.01,21.75,3.37,-1.11,19.0,3.97,-0.67,5.25,2.97,0.17,17.0
175829,27,2,1169,0,3.11,-0.07,0.01,-0.33,-0.05,-0.22,3.36,-1.04,10.75,3.47,-1.04,11.75,3.59,-1.04,7.25,2.92,0.34,10.75,2.99,0.33,19.5,3.01,0.32,20.5,3.09,0.43,12.0,3.39,-1.04,19.25,3.46,-1.25,10.75,3.97,-0.69,5.5,2.96,0.23,17.25,3.03,0.14,27.0
175829,27,3,1170,0,3.13,-0.05,0.04,-0.27,0.0,-0.15,3.3,-1.53,14.25,3.37,-1.56,9.0,3.14,0.05,23.25,3.19,-0.03,21.5,3.33,0.01,13.25,3.06,0.25,18.25,2.9,0.42,9.5,3.4,-1.02,19.25,3.45,-1.27,11.0,3.33,-0.93,22.0,3.98,-0.62,5.5,2.96,0.26,15.0,3.04,0.15,25.5,3.07,0.1,27.75
175835,28,1,1208,0,3.25,0.04,0.36,-0.44,0.44,-0.68,3.59,-1.84,4.75,3.65,-0.57,8.0,3.05,-0.29,9.5,3.11,-0.29,15.25,3.25,-0.28,10.75,3.51,-0.21,13.75,3.58,-0.29,15.0,3.43,-1.1,19.5,3.36,-0.79,19.25
175835,28,2,1209,0,3.3,-0.04,0.44,-0.55,0.5,-0.72,3.76,-1.43,8.0,3.64,-1.29,7.25,3.52,-0.23,7.25,3.08,-0.08,10.5,3.21,-0.07,18.0,3.26,-0.07,21.25,3.32,-0.07,15.75,3.36,-0.73,19.25,3.03,0.23,28.0,3.06,0.18,29.5
175835,28,3,1210,0,3.37,-0.19,0.48,-0.77,0.43,-0.84,3.85,-1.18,7.25,3.66,-0.64,13.5,3.57,-0.56,18.5,3.22,-0.13,12.25,3.34,-0.12,15.25,3.49,-0.32,17.5,3.47,-0.92,20.25,3.61,-0.97,14.25,3.03,0.23,28.0,3.07,0.18,29.75
175835,28,4,1211,0,3.42,-0.26,0.48,-0.84,0.34,-0.82,3.88,-1.1,13.75,3.7,-0.79,17.0,3.58,-0.25,19.5,3.31,-0.03,10.25,3.41,0.02,20.25,3.47,-0.01,23.0,2.94,0.27,15.75,3.03,0.21,24.5,3.1,0.13,27.0
175835,28,5,1212,0,3.47,-0.32,0.44,-0.84,0.19,-0.74,3.65,-0.9,14.5,3.93,-0.88,11.0,3.3,-0.23,4.0,3.46,-0.08,17.0,3.5,-0.05,23.0,3.54,-0.11,19.5,3.02,0.29,22.25,3.02,0.29,22.25
175835,28,6,1213,0,3.51,-0.36,0.4,-0.82,0.08,-0.64,3.71,-0.44,9.75,4.01,-0.4,5.0,3.42,-0.27,8.25,3.54,-0.2,14.25,3.6,-0.24,14.25
175835,28,7,1214,0,3.54,-0.41,0.38,-0.81,0.03,-0.57,3.47,0.04,6.75,3.7,-0.76,18.25,3.58,-0.37,21.0
175835,28,8,1215,0,3.56,-0.41,0.34,-0.73,-0.04,-0.44,3.6,-0.12,4.0,3.49,0.02,6.0,3.66,-0.86,18.75
175835,28,9,1216,0,3.56,-0.45,0.18,-0.68,-0.3,-0.34,3.7,-0.74,9.0,3.97,-0.69,6.25,3.61,-0.36,13.0,3.43,-0.21,4.25,3.55,-0.32,12.0,3.65,-0.75,19.0,3.56,-0.31,24.75
175835,28,10,1217,0,3.56,-0.45,0.1,-0.59,-0.37,-0.24,3.75,-0.5,4.0,3.51,-0.13,7.25,3.61,-0.27,6.75,3.88,-1.09,16.75
175835,28,11,1218,0,3.56,-0.45,0.04,-0.51,-0.42,-0.14,3.5,-0.22,4.25,3.65,-0.09,4.0,3.88,-1.07,16.75
175835,28,12,1219,0,3.57,-0.5,-0.0,-0.26,0.0,0.0,3.9,-1.01,15.25
175843,29,1,1247,0,3.29,-0.16,0.44,-0.41,0.61,-0.57,3.87,-1.13,6.5,3.61,-0.8,14.75,3.67,-0.79,13.75,2.88,-0.4,4.25,3.0,-0.43,11.75,3.18,-0.13,14.5,3.25,-0.12,18.0,3.39,0.15,11.75,3.72,-0.8,15.5,3.97,-0.71,12.0,3.17,-0.09,25.25,3.07,0.14,29.0
175843,29,2,1248,0,3.36,-0.25,0.5,-0.55,0.59,-0.64,3.81,-1.31,7.0,3.64,-0.78,12.0,3.52,-0.51,16.75,3.3,-0.22,10.0,3.4,-0.13,19.5,3.44,-0.2,21.0,3.66,-0.85,19.25,3.56,-0.78,20.75,3.94,-0.82,12.75,3.2,-0.11,25.5,3.08,0.12,29.0
175843,29,3,1249,0,3.4,-0.26,0.49,-0.5,0.44,-0.53,3.86,-1.15,7.75,3.61,-0.47,12.5,3.35,-0.1,11.5,3.45,-0.06,25.75,3.47,-0.05,29.75,3.5,-0.03,25.0,3.66,-0.82,18.75,3.96,-0.73,12.5,3.53,-0.54,21.25,3.1,0.15,27.75
175843,29,4,1250,0,3.45,-0.25,0.47,-0.45,0.31,-0.43,3.96,-0.75,14.5,3.71,-0.52,19.25,3.51,0.07,25.75,3.58,-0.04,23.75,3.33,0.11,4.0,3.47,0.13,20.0,3.67,-0.74,20.0,3.94,-0.82,14.75,3.56,-0.24,24.5,3.45,-0.04,27.75
175843,29,5,1251,0,3.49,-0.29,0.44,-0.46,0.2,-0.39,3.74,-0.93,9.75,3.92,-0.93,9.0,3.41,0.09,11.25,3.46,-0.01,14.25,3.58,0.0,9.75,3.9,-0.99,15.0
175843,29,6,1252,0,3.52,-0.33,0.42,-0.48,0.14,-0.37,3.34,-0.21,4.25,3.46,-0.32,6.0,3.91,-0.96,15.0,2.95,0.02,9.5,3.07,-0.04,19.25
175843,29,7,1253,0,3.53,-0.3,0.3,-0.36,-0.08,-0.23,3.74,-0.27,6.5,3.42,-0.1,7.0,3.52,-0.07,12.5,3.59,-0.1,11.0,3.93,-0.87,14.5,2.94,-0.12,5.5,3.09,-0.04,16.5
175843,29,8,1254,0,3.55,-0.34,0.26,-0.38,-0.13,-0.22,3.64,-0.39,5.25,3.32,-0.2,15.0
175900,30,1,1332,0,3.44,-0.21,0.55,-0.39,0.57,-0.53,3.92,-0.91,19.0,3.69,-0.6,19.5,3.76,-0.77,22.25,3.25,-0.18,4.5,3.55,-0.13,16.0,3.42,-0.03,12.0,3.67,-0.9,19.75,3.9,-1.01,14.5,3.57,-0.79,20.0,3.17,0.09,24.5,2.96,0.2,14.75,3.05,0.23,26.5,3.08,0.21,29.25
175900,30,2,1333,0,3.47,-0.25,0.49,-0.43,0.36,-0.51,3.67,-1.04,8.5,3.97,-0.7,10.75,3.2,-0.21,10.5,3.32,-0.24,11.5,3.5,-0.2,14.25,3.57,-0.09,14.5,3.57,-0.84,18.0,3.72,-0.87,19.25,3.39,-0.32,18.25,2.94,0.29,13.25,3.03,0.32,23.75
175900,30,3,1334,0,3.49,-0.21,0.41,-0.32,0.16,-0.36,3.57,-1.45,4.75,3.89,-1.05,4.25,3.49,0.12,11.5,3.54,0.19,8.0,3.39,0.44,6.0,3.7,-0.91,19.5,3.56,-0.74,19.75,3.29,-0.14,21.25,3.43,-0.32,20.5,3.03,0.07,17.0,3.16,-0.08,20.5
175900,30,4,1335,0,3.5,-0.2,0.33,-0.27,0.0,-0.28,3.54,-0.15,13.25,3.52,-0.04,15.25,3.44,0.18,9.25,3.67,-0.92,18.75,2.91,-0.28,6.25,3.07,-0.21,14.75,3.19,-0.09,20.5,3.33,-0.08,22.25
175906,31,1,1363,0,3.34,-0.15,0.51,-0.35,0.76,-0.49,3.67,-0.77,15.5,3.98,-0.64,7.25,3.04,-0.41,5.25,3.59,-0.56,16.75,3.23,-0.29,12.0,3.35,-0.17,17.5,3.45,-0.22,17.75,2.89,0.3,12.0
175906,31,2,1364,0,3.4,-0.21,0.54,-0.45,0.67,-0.53,3.65,-1.01,12.5,3.93,-0.86,11.75,3.03,-0.39,4.25,3.24,-0.43,9.5,3.43,-0.17,18.75,3.48,-0.08,23.25,3.53,0.1,19.0,3.63,-0.98,17.5,3.94,-0.85,12.25,2.89,0.27,12.0
175906,31,3,1365,0,3.45,-0.26,0.52,-0.48,0.5,-0.5,3.72,-1.0,14.0,3.94,-0.86,13.0,3.2,-0.4,4.75,3.44,-0.22,11.25,3.52,-0.04,19.25,3.57,0.21,16.5,3.92,-0.94,14.25,2.85,0.37,11.5
175906,31,4,1366,0,3.48,-0.28,0.42,-0.46,0.22,-0.42,3.72,-0.64,10.25,3.94,-0.84,8.25,3.42,-0.12,12.75,3.58,-0.18,14.5,3.49,-0.08,16.75,3.91,-0.96,14.25,2.86,0.35,10.25
175906,31,5,1367,0,3.5,-0.28,0.31,-0.4,-0.0,-0.31,3.75,-0.94,7.25,3.91,-0.95,8.25,3.43,0.06,8.0,3.5,0.09,13.25,3.56,0.25,10.5,3.91,-0.97,14.25,3.2,-0.17,18.25,3.36,-0.11,20.5,3.48,-0.08,24.75,2.87,0.09,5.75
175906,31,6,1368,0,3.51,-0.3,0.26,-0.38,-0.09,-0.27,3.61,-0.21,6.5,3.55,-0.1,6.25,3.65,-0.9,17.5,3.56,-0.24,21.75,3.36,-0.09,21.25,3.47,-0.08,24.75
175906,31,7,1369,0,3.52,-0.31,0.2,-0.36,-0.18,-0.22,3.51,-0.21,4.75,3.6,-0.16,4.0,3.68,-0.77,18.75,3.23,-0.11,17.0,3.58,-0.17,22.5,3.38,-0.09,21.25,3.49,-0.06,24.75
175906,31,8,1370,0,3.54,-0.29,0.18,-0.28,-0.18,-0.14,3.38,-0.14,6.25,3.48,-0.05,9.25,3.56,-0.07,6.75,3.27,-0.4,12.0,3.43,-0.13,21.0,3.57,-0.19,22.75,3.49,-0.08,25.5
175906,31,9,1371,0,3.53,-0.35,0.05,-0.35,-0.35,-0.17,3.87,-1.13,4.25,3.7,-0.75,6.75,3.59,-0.37,9.5,3.4,-0.15,6.75,3.5,-0.25,10.75,3.69,-0.77,17.5,3.27,-0.37,11.0,3.43,-0.1,20.0,3.5,-0.05,25.0,3.56,-0.11,22.5
175906,31,10,1372,0,3.53,-0.37,-0.02,-0.33,-0.42,-0.14,3.66,-0.58,10.75,3.99,-0.52,4.0,3.6,-0.17,13.0,3.62,-0.32,16.5,3.66,-0.85,17.75,3.23,-0.4,11.0,3.6,-0.35,22.5,3.41,-0.18,15.75,3.54,-0.21,21.75
175914,32,1,1402,0,3.32,-0.09,0.47,-0.3,0.6,-0.43,3.7,-1.59,9.25,3.61,-1.12,11.25,3.53,-0.63,14.5,3.44,-0.46,17.0,3.03,-0.26,7.75,3.33,-0.31,14.25,3.17,-0.09,12.0,3.44,-1.06,20.25
175914,32,2,1403,0,3.39,-0.2,0.5,-0.47,0.5,-0.53,3.62,-0.6,16.5,3.7,-0.65,15.25,3.97,-0.69,7.75,3.38,-0.28,10.75,3.52,-0.33,15.0,3.22,0.03,6.5,3.65,-0.91,16.75,3.87,-1.13,13.25,2.95,0.27,16.75,3.03,0.2,26.0
175914,32,3,1404,0,3.43,-0.24,0.47,-0.5,0.36,-0.5,3.62,-0.69,12.25,3.95,-0.81,5.0,3.46,-0.12,16.5,3.5,-0.14,21.75,3.54,-0.28,19.25,3.66,-0.87,17.0,3.87,-1.11,14.0,3.53,-0.57,21.0,3.44,-0.3,24.25,3.02,0.01,19.75,3.14,0.0,21.25,3.32,-0.1,22.5
175914,32,4,1405,0,3.46,-0.25,0.43,-0.46,0.22,-0.42,3.6,-0.9,8.5,3.92,-0.91,6.5,3.31,-0.07,5.25,3.46,-0.09,18.75,3.49,-0.06,24.0,3.5,-0.03,19.75,3.86,-1.16,12.75,3.63,-0.89,17.25,3.53,-0.36,22.75,3.46,-0.18,26.25,3.37,-0.06,23.25
175914,32,5,1406,0,3.49,-0.25,0.38,-0.41,0.11,-0.34,3.69,-0.39,4.0,3.54,-0.15,11.75,3.43,-0.02,11.25,3.49,-0.06,15.25,3.88,-1.09,12.75,3.65,-0.73,17.0,3.49,-0.15,26.75,3.54,-0.23,23.5,3.38,-0.08,22.25
175914,32,6,1407,0,3.5,-0.23,0.32,-0.33,-0.01,-0.24,3.58,-0.16,7.0,3.47,0.06,10.25,3.39,0.12,7.5,3.88,-1.08,13.0,3.65,-0.73,17.75,3.49,-0.14,27.25,3.55,-0.22,24.25,3.25,-0.03,16.0,3.41,-0.08,22.5
175914,32,7,1408,0,3.5,-0.22,0.23,-0.27,-0.15,-0.16,3.54,-0.13,7.75,3.41,-0.01,8.75,3.47,-0.02,11.75,3.91,-0.95,13.25,3.65,-0.73,18.75,3.43,-0.13,22.75,3.49,-0.17,27.75,3.55,-0.21,24.5
175921,33,1,1434,0,3.06,0.31,0.11,-0.28,0.14,-0.21,3.21,-1.91,6.0,3.33,-1.38,10.75,3.27,-1.21,10.5,3.16,0.07,13.0,3.07,0.2,18.0,3.0,0.33,15.75,2.87,0.49,8.5,3.7,-0.73,12.5,3.96,-0.72,10.25
