Session_ID,Recording_Number,Sequence_Number,Frame_count,Track ID,posy,posz,vely,velz,accy,accz,pointy0,pointz0,snr0,pointy1,pointz1,snr1,pointy2,pointz2,snr2,pointy3,pointz3,snr3,pointy4,pointz4,snr4,pointy5,pointz5,snr5,pointy6,pointz6,snr6,pointy7,pointz7,snr7,pointy8,pointz8,snr8,pointy9,pointz9,snr9,pointy10,pointz10,snr10,pointy11,pointz11,snr11,pointy12,pointz12,snr12,pointy13,pointz13,snr13,pointy14,pointz14,snr14,pointy15,pointz15,snr15,pointy16,pointz16,snr16,pointy17,pointz17,snr17,pointy18,pointz18,snr18,pointy19,pointz19,snr19,pointy20,pointz20,snr20,pointy21,pointz21,snr21,pointy22,pointz22,snr22,pointy23,pointz23,snr23,pointy24,pointz24,snr24,pointy25,pointz25,snr25,pointy26,pointz26,snr26,pointy27,pointz27,snr27,pointy28,pointz28,snr28,pointy29,pointz29,snr29,pointy30,pointz30,snr30,pointy31,pointz31,snr31,pointy32,pointz32,snr32,pointy33,pointz33,snr33,pointy34,pointz34,snr34,pointy35,pointz35,snr35,pointy36,pointz36,snr36,pointy37,pointz37,snr37,pointy38,pointz38,snr38,pointy39,pointz39,snr39,pointy40,pointz40,snr40,pointy41,pointz41,snr41,pointy42,pointz42,snr42,pointy43,pointz43,snr43,pointy44,pointz44,snr44,pointy45,pointz45,snr45,pointy46,pointz46,snr46,pointy47,pointz47,snr47,pointy48,pointz48,snr48,pointy49,pointz49,snr49
163925,16,1,966,0,2.81,-0.04,0.19,-0.41,0.21,-0.53,3.58,-1.37,6.25,2.95,-0.89,14.75,2.99,-1.09,11.25,3.25,-0.99,5.5,3.46,-1.22,5.5,3.86,-1.14,4.5,2.52,-0.3,13.25,2.37,-0.11,8.75,2.42,-0.11,16.25,2.89,-0.27,14.5,2.75,-0.08,14.75,3.29,-0.93,13.75,2.37,0.44,12.0,2.49,0.41,21.75
163925,16,2,967,0,2.87,-0.18,0.29,-0.63,0.29,-0.67,3.83,-1.26,4.75,3.65,-1.03,8.25,2.99,-0.64,11.75,3.22,-0.67,13.75,3.39,-0.39,12.25,3.55,-0.57,8.5,2.53,-0.15,12.5,2.73,-0.14,20.0,2.82,-0.18,17.5,2.65,-0.08,18.0,3.36,1.83,5.0,2.37,0.39,12.0
163925,16,3,968,0,2.93,-0.26,0.38,-0.73,0.38,-0.71,3.43,-1.67,6.0,3.39,-1.04,6.25,3.25,-0.88,14.25,3.14,-0.69,16.25,2.76,-0.06,9.5,2.89,0.04,20.0,2.94,0.01,24.75,3.0,-0.08,21.5,3.66,1.68,4.0,3.65,-0.94,12.25,3.93,-0.89,9.25,2.36,0.38,11.75,2.59,0.28,23.75,2.47,0.44,20.25
163925,16,4,969,0,2.98,-0.25,0.42,-0.64,0.36,-0.56,3.25,-0.73,7.5,3.55,-0.72,4.25,3.79,-0.54,4.5,2.76,-0.14,5.0,2.93,-0.01,17.25,3.01,0.07,25.25,3.1,0.05,18.25,3.03,0.11,26.0,3.34,-0.81,16.75,3.49,-0.91,15.0,3.66,-0.95,12.5,3.93,-0.89,10.0,2.62,0.24,23.0,2.35,0.38,11.75,2.45,0.48,19.5,3.44,1.72,10.25
163925,16,5,970,0,3.03,-0.25,0.41,-0.55,0.28,-0.43,3.53,-0.81,5.25,3.71,-0.83,4.5,2.96,-0.1,12.75,3.27,-0.13,8.75,3.06,-0.02,23.75,3.08,0.04,27.0,3.12,0.07,22.0,3.36,-0.78,17.25,3.47,-0.93,15.0,3.62,-1.02,11.5,3.94,-0.86,8.25,2.36,0.32,11.5,2.57,0.37,21.25,2.44,0.46,19.25,3.29,1.96,8.25
163925,16,6,971,0,3.07,-0.2,0.42,-0.41,0.23,-0.26,3.06,0.23,11.75,3.13,0.14,16.75,3.17,0.1,14.25,3.31,0.11,4.75,2.88,0.3,4.0,3.47,-0.92,15.0,3.59,-1.03,10.5,3.97,-0.7,6.25,2.58,0.24,20.25,2.35,0.29,12.25,2.45,0.32,18.25
163925,16,7,972,0,3.1,-0.2,0.4,-0.36,0.17,-0.19,2.94,-0.16,7.25,3.06,-0.03,18.0,3.09,0.01,21.25,3.13,0.01,16.0,3.57,-1.1,10.5,3.35,-0.77,17.25,3.47,-0.89,14.75,3.93,-0.86,6.25,2.86,-0.15,19.5,2.33,0.05,9.0,2.63,0.05,14.5,2.44,0.09,14.0
163932,17,1,1048,0,3.19,-0.17,-0.25,-0.48,-0.32,-0.39,3.64,-1.08,9.25,3.35,-0.82,10.0,3.51,-1.02,9.25,3.64,-1.08,9.5,3.89,-1.03,5.0,2.73,-0.2,7.75,2.82,-0.23,15.0,2.92,-0.1,15.75,3.21,-0.14,12.5,3.06,-0.04,15.25,3.5,-0.58,9.0,3.71,-0.71,7.75,3.22,-0.17,24.25,3.31,-0.16,17.25
163932,17,2,1049,0,3.14,-0.21,-0.33,-0.5,-0.39,-0.37,3.7,-0.87,9.25,3.92,-0.91,4.5,2.67,-0.28,15.25,2.74,-0.27,18.0,2.55,-0.14,6.25,2.89,-0.16,16.75,3.61,-0.29,9.0,3.07,-0.1,15.5,3.24,0.05,14.25,3.4,0.27,11.75,3.7,-0.77,8.0,3.31,-0.23,17.5
163932,17,3,1050,0,3.09,-0.28,-0.37,-0.58,-0.37,-0.41,3.29,-1.1,6.0,3.52,-1.07,7.75,3.6,-1.2,7.25,3.15,-0.44,8.5,2.73,-0.13,16.25,2.88,-0.25,15.25,3.03,-0.11,14.25,2.53,0.02,10.25,2.63,-0.06,16.0,3.27,1.63,4.75,3.64,-0.91,10.5,3.0,-0.24,20.25
163932,17,4,1051,0,3.05,-0.35,-0.38,-0.64,-0.32,-0.44,3.04,-1.47,10.0,3.02,-1.17,14.25,3.53,-0.94,6.75,3.03,-0.53,15.0,2.68,-0.13,8.75,2.82,-0.11,14.75,2.92,-0.13,16.0,2.67,0.1,8.5,2.46,0.25,5.0,3.68,1.64,5.5,3.49,1.65,6.75
163932,17,5,1052,0,3.01,-0.36,-0.4,-0.57,-0.29,-0.33,3.04,-1.15,13.25,3.14,-1.24,9.5,2.92,-0.65,13.25,2.75,0.22,23.5,2.66,0.31,26.75,2.7,0.26,29.0,2.54,0.5,17.0,2.33,0.62,4.0,3.24,1.71,4.25,3.36,1.93,8.5,3.45,2.08,6.75,3.33,-0.58,16.5
163932,17,6,1053,0,2.99,-0.31,-0.38,-0.4,-0.23,-0.16,3.17,-0.78,9.0,3.3,-0.87,5.0,3.89,-1.05,8.25,3.79,-0.79,8.5,2.81,0.15,17.5,2.71,0.29,21.0,2.51,0.53,11.0,2.62,0.48,18.5,2.98,2.06,5.5,3.14,2.18,5.5,3.33,-0.78,14.75,3.5,-0.94,14.75,2.74,0.13,22.75,3.35,1.84,8.0,3.49,2.01,5.25
163932,17,7,1054,0,2.98,-0.32,-0.33,-0.36,-0.12,-0.11,2.93,-1.21,13.0,3.08,-1.35,6.0,3.05,-1.04,14.5,3.59,-0.89,6.75,3.7,-0.94,8.25,2.58,0.06,8.75,2.69,0.21,19.75,2.72,0.26,23.5,2.76,0.36,19.5,3.31,1.92,5.5,3.35,-0.79,14.75,3.49,-0.95,14.25,3.19,-0.52,17.5,3.4,1.76,8.5,3.53,1.95,6.0
163932,17,8,1055,0,2.96,-0.3,-0.26,-0.29,0.0,-0.05,3.17,-1.16,5.25,3.0,-0.7,10.0,3.12,-0.87,10.5,3.79,-0.73,5.25,2.64,0.05,21.5,2.67,0.03,21.25,2.58,0.09,12.75,2.77,0.14,15.0,3.0,-0.79,19.5,3.11,-0.87,18.5,3.33,-0.79,15.0,3.53,-0.88,14.75,3.91,-0.96,8.75,2.55,0.27,14.75,3.33,1.89,8.75
163946,18,1,1090,0,3.14,-0.32,-0.31,-0.28,-0.36,-0.22,3.45,-1.11,12.25,3.6,-1.11,10.25,3.29,-0.94,12.75,3.87,-1.11,5.5,3.14,-0.66,16.5,3.05,-0.38,19.25,2.87,-0.11,13.5,2.98,-0.17,18.5,2.71,0.05,6.25
163946,18,2,1091,0,3.08,-0.34,-0.37,-0.3,-0.37,-0.22,3.36,-1.82,5.0,3.26,-1.56,4.25,3.36,-1.82,4.75,3.23,-0.87,9.25,3.14,-0.55,15.5,2.77,-0.29,18.5,2.55,-0.13,4.75,2.68,-0.23,14.75,2.91,-0.25,19.0,3.05,-0.21,18.75
163946,18,3,1092,0,3.04,-0.33,-0.4,-0.25,-0.36,-0.15,3.21,-1.0,12.5,3.42,-1.09,5.75,3.12,-0.78,15.5,3.0,-0.12,19.5,2.85,0.03,21.25,2.91,-0.03,23.5,2.53,0.22,4.75,2.73,0.18,13.5,3.43,1.71,4.25,3.53,1.95,5.0,2.51,0.2,6.0
163955,19,1,1113,0,2.86,-0.05,0.26,-0.28,0.32,-0.36,3.24,-0.98,13.25,3.41,-1.08,6.5,3.13,-0.74,15.5,3.78,-0.75,6.5,3.96,-0.76,6.25,2.99,-0.26,19.0,2.81,0.09,21.25,2.9,-0.01,22.75,2.65,0.32,16.5,2.48,0.46,11.25,3.28,1.95,5.25,3.09,-0.93,19.75,2.96,-0.76,19.75,3.96,-0.75,10.0,3.82,-0.57,11.0,3.65,1.7,7.25
163955,19,2,1114,0,2.89,-0.15,0.26,-0.43,0.24,-0.45,3.28,-0.76,15.25,3.71,-0.84,5.25,3.2,-0.67,18.5,3.46,-0.75,8.25,3.71,-0.84,5.25,3.07,-0.39,17.0,2.85,-0.11,18.75,2.74,0.04,22.75,2.3,0.11,5.25,2.54,0.1,9.25,2.69,0.13,19.0,3.17,-0.87,19.25,2.99,-0.51,18.25
163955,19,3,1115,0,2.92,-0.2,0.29,-0.49,0.26,-0.47,3.33,-1.41,5.5,3.19,-1.05,9.25,3.66,-1.15,5.75,3.12,-0.85,14.75,3.9,-1.03,5.0,2.69,-0.13,12.5,3.1,-0.11,15.5,2.96,-0.03,13.5,2.37,0.19,5.5,2.48,0.11,15.25,2.52,0.09,17.0,3.1,2.27,5.5,3.16,-0.9,20.25,3.67,-0.76,12.25,3.95,-0.77,8.75,3.0,-0.41,18.75
163955,19,4,1116,0,2.98,-0.29,0.34,-0.6,0.27,-0.52,3.47,-0.96,6.25,3.69,-1.04,7.5,3.9,-1.01,5.75,3.33,-0.72,11.5,3.24,-0.44,12.5,2.77,-0.18,10.75,2.94,-0.19,12.25,3.08,-0.27,12.75,2.63,0.05,9.75,3.18,-0.86,20.0,3.32,-0.89,19.75,3.44,-0.97,16.75,3.61,-0.98,12.0,3.01,-0.34,18.5,2.59,0.11,16.75,2.38,0.29,5.75,3.44,1.61,8.0,3.65,1.7,6.25
163955,19,5,1117,0,3.05,-0.35,0.45,-0.66,0.37,-0.53,3.55,-1.09,6.75,3.31,-0.84,17.5,3.42,-0.91,13.75,3.18,-0.37,19.5,2.94,-0.02,12.0,3.04,0.02,22.25,3.07,0.0,24.75,3.32,-0.87,19.5,3.48,-0.87,16.75,3.64,-0.91,13.0,3.18,-0.67,20.75,3.93,-0.87,8.75
163955,19,6,1118,0,3.11,-0.34,0.5,-0.57,0.36,-0.4,3.53,-0.81,8.25,3.7,-0.77,4.75,3.35,-0.21,8.5,2.91,-0.02,5.75,3.05,-0.03,14.25,3.13,0.02,18.75,3.18,0.03,16.5,3.32,-0.85,20.25,3.47,-0.89,17.75,3.63,-0.89,13.5,3.19,-0.5,22.0,3.66,1.68,6.0
163955,19,7,1119,0,3.17,-0.33,0.53,-0.46,0.34,-0.27,3.41,-0.89,7.0,3.65,-1.03,5.75,3.13,-0.05,15.0,3.21,0.03,24.75,3.23,0.07,25.75,3.29,0.02,18.5,3.33,-0.8,20.25,3.46,-0.94,17.75,3.62,-0.95,13.25,3.22,-0.32,23.0
163955,19,8,1120,0,3.22,-0.29,0.5,-0.32,0.24,-0.11,3.11,-0.24,6.25,3.27,-0.04,18.0,3.31,-0.01,23.25,3.33,0.05,19.75,3.45,0.3,7.25,3.48,-0.93,19.75,3.56,-1.01,14.75,3.35,-0.75,20.5,3.22,-0.23,23.75,2.83,0.05,20.5,2.98,-0.04,23.5,2.66,0.15,15.25
164003,20,1,1154,0,3.0,-0.24,0.3,-0.41,0.31,-0.44,3.11,-1.06,14.25,2.96,-0.77,11.5,3.24,-0.95,11.5,3.49,-0.76,5.0,3.77,-0.62,4.25,2.56,-0.01,6.0,2.7,-0.04,15.5,2.78,-0.07,20.25,2.83,-0.08,19.25,3.09,-0.89,18.5,3.27,-0.91,14.75,3.71,-0.87,12.75,3.95,-0.79,8.5,2.69,0.2,26.25,3.49,1.63,7.75,3.53,1.94,5.5
164003,20,2,1155,0,3.06,-0.29,0.39,-0.47,0.38,-0.46,3.54,-1.31,7.5,3.33,-0.78,15.75,3.46,-0.84,11.75,3.88,-1.1,5.75,3.18,-0.41,16.5,2.75,0.09,9.25,2.89,0.02,18.25,2.96,-0.04,23.0,3.03,-0.06,21.25,2.75,0.09,9.0,3.09,-0.87,19.5,3.25,-0.94,15.5,3.95,-0.8,8.5,2.7,0.18,26.0,3.44,1.72,7.75,3.48,2.03,5.75
164003,20,3,1156,0,3.12,-0.31,0.46,-0.46,0.42,-0.41,3.4,-1.1,6.75,3.91,-0.97,4.0,3.25,-0.51,11.5,2.97,0.04,7.25,3.1,-0.01,20.75,3.13,-0.06,26.25,3.15,-0.07,22.75,3.23,-0.93,16.25,3.7,-0.91,11.75,3.96,-0.75,9.0,3.15,-0.42,21.0,2.7,0.16,19.5,2.55,0.27,10.75,3.43,1.7,6.75
164003,20,4,1157,0,3.17,-0.28,0.49,-0.36,0.39,-0.27,3.47,-0.87,5.25,2.9,-0.08,6.5,3.06,-0.03,13.75,3.16,0.09,19.0,3.21,0.08,19.25,3.31,0.07,11.25,3.96,-0.73,8.75
164003,20,5,1158,0,3.21,-0.33,0.47,-0.39,0.29,-0.27,3.43,-1.03,12.75,3.53,-1.25,9.25,3.21,-0.1,19.0,3.35,-0.31,17.25,3.12,-0.08,9.75,3.27,-0.1,21.0,3.94,-0.82,8.75
164003,20,6,1159,0,3.24,-0.28,0.45,-0.25,0.21,-0.13,3.24,0.07,20.0,3.3,-0.0,13.5,3.11,0.21,9.5,3.21,0.13,18.75,3.62,-1.04,12.25,3.95,-0.8,8.0
164012,21,1,1198,0,3.06,-0.15,0.38,-0.48,0.37,-0.55,3.33,-0.83,19.0,3.44,-0.94,16.25,3.58,-0.99,10.75,3.91,-0.97,5.0,3.23,-0.54,19.75,2.84,-0.31,16.0,2.96,-0.29,19.5,2.73,-0.16,8.75,3.08,-0.29,20.0,3.48,-0.88,13.75,3.69,-0.94,12.75,3.15,-0.68,20.0,3.31,-0.75,18.0,3.01,-0.25,22.25,2.87,-0.01,27.5,2.76,0.17,28.75,2.65,0.3,26.0,3.42,1.7,8.0,3.57,1.88,6.25
164012,21,2,1199,0,3.11,-0.23,0.44,-0.59,0.39,-0.59,3.46,-0.88,6.25,3.21,-0.52,14.0,3.33,-0.64,10.75,3.11,-0.13,15.0,2.88,-0.07,7.75,3.0,0.02,13.75,3.3,-0.8,17.5,3.48,-0.85,13.5,3.7,-0.88,12.0,3.15,-0.64,19.75,3.01,-0.21,22.75,2.88,-0.01,27.75,2.76,0.17,28.75,3.61,1.78,6.0
164012,21,3,1200,0,3.15,-0.23,0.46,-0.53,0.36,-0.49,3.37,-0.95,4.25,3.14,0.02,21.0,3.18,0.01,29.25,3.19,0.02,28.5,3.26,0.04,18.0,3.44,-0.91,13.25,3.65,-0.98,10.25,3.29,-0.59,18.75,2.91,-0.01,28.25,2.76,0.17,29.0,3.65,1.14,7.0,3.75,1.47,5.5
164012,21,4,1201,0,3.19,-0.26,0.43,-0.52,0.25,-0.44,3.55,-1.19,5.25,3.37,-0.97,9.25,3.13,-0.13,10.25,3.24,-0.09,20.75,3.28,-0.06,24.25,3.32,-0.08,19.75,3.43,-0.9,14.75,3.6,-1.04,10.75,3.1,-0.13,26.5,2.84,0.03,24.0,2.97,-0.07,27.0,2.68,0.09,18.5
164012,21,5,1202,0,3.21,-0.26,0.4,-0.47,0.17,-0.36,3.02,-0.24,5.5,3.16,-0.15,10.0,3.38,-0.17,5.75,3.25,0.04,10.5,3.57,-1.2,9.5,3.3,-0.43,20.5,3.13,-0.08,26.25,3.22,-0.1,26.5,2.51,0.19,10.0
164012,21,6,1203,0,3.23,-0.25,0.34,-0.4,0.04,-0.26,3.35,-0.16,9.5,3.29,-0.05,13.75,3.23,0.13,10.0,3.57,-1.17,9.75,3.31,-0.35,21.0,2.86,-0.13,18.75,2.71,-0.06,13.25,3.01,-0.07,23.5,3.14,-0.07,26.0,3.23,-0.08,27.0
164012,21,7,1204,0,3.25,-0.22,0.28,-0.31,-0.05,-0.15,3.25,-0.03,6.75,3.31,0.08,12.25,3.35,0.08,9.0,3.61,-1.07,9.0,2.85,-0.12,19.0,3.3,-0.29,20.5,2.71,-0.09,13.25,3.01,-0.08,23.0,3.15,-0.03,26.0,3.23,-0.04,27.0
164012,21,8,1205,0,3.28,-0.21,0.27,-0.25,-0.06,-0.09,3.19,0.09,6.25,3.27,0.04,8.0,3.56,-1.19,8.0,2.73,-0.37,4.75,2.91,-0.18,15.5,3.3,-0.22,22.5,3.18,-0.05,27.0,3.24,-0.08,28.5
164019,22,1,1238,0,3.1,-0.09,0.49,-0.27,0.5,-0.35,3.55,-0.73,10.25,3.72,-0.75,9.5,3.94,-0.84,6.0,3.3,-0.47,12.0,3.17,-0.16,21.0,2.92,-0.08,14.75,3.02,-0.0,21.25,3.1,-0.03,23.75,3.29,-0.92,13.75,3.49,-1.02,13.25,3.0,-0.11,22.5,2.85,0.03,27.75,2.76,0.15,29.25
164019,22,2,1239,0,3.15,-0.11,0.51,-0.29,0.43,-0.33,3.5,-0.85,11.25,3.61,-0.95,7.5,2.88,-0.29,7.0,3.07,0.01,14.75,3.34,-0.09,14.25,3.16,0.18,21.0,3.22,0.17,20.75,3.32,-0.84,16.0,3.53,-0.83,16.25,2.87,0.01,27.0,3.03,-0.05,23.25,3.19,-0.07,21.25,2.77,0.13,28.0
164019,22,3,1240,0,3.19,-0.17,0.48,-0.37,0.31,-0.37,3.52,-0.9,8.0,3.62,-0.97,5.0,3.1,-0.12,5.25,3.22,-0.17,17.0,3.35,-0.17,8.5,3.22,-0.09,15.75,3.55,-0.8,16.0,3.37,-0.41,15.5,3.19,-0.1,21.5,2.82,0.03,24.0,2.92,-0.03,26.0,3.05,-0.06,23.5
164026,23,1,1361,0,3.17,-0.18,-0.38,-0.27,-0.52,-0.19,3.59,-1.05,5.0,3.34,-0.73,14.5,3.47,-0.74,11.75,2.7,-0.23,7.25,2.84,-0.15,14.0,3.22,-0.24,16.5,2.98,-0.02,16.75,3.1,-0.01,18.75,3.64,-0.88,8.0,3.2,-0.18,24.25
164026,23,2,1362,0,3.16,-0.29,-0.39,-0.44,-0.46,-0.32,3.33,-1.02,12.0,3.51,-1.05,13.0,3.62,-1.01,11.75,3.91,-0.98,5.0,2.66,-0.14,6.75,2.98,-0.22,10.75,2.79,-0.06,10.25,3.15,-0.01,16.0,3.22,-0.06,15.75,3.87,-1.13,4.5,3.32,-0.33,15.5,3.21,-0.18,24.0
164026,23,3,1363,0,3.1,-0.25,-0.44,-0.32,-0.45,-0.18,2.95,-0.12,19.5,3.14,-0.11,13.0,3.35,-0.2,6.75,2.77,0.03,18.75,2.82,0.04,27.5,2.84,0.02,27.0,3.92,-0.95,4.5,3.33,-0.43,15.25,3.2,-0.2,23.0,2.75,0.09,11.25
164053,24,1,1399,0,2.83,0.03,0.05,-0.3,0.12,-0.24,3.17,-0.83,5.5,3.33,-0.84,5.0,2.79,-0.23,15.0,2.96,-0.25,7.25,2.74,0.01,19.0,2.7,0.13,15.5,3.1,-0.95,14.25,3.27,-0.91,10.25,3.53,-0.83,6.75,3.83,-0.38,8.0,4.01,-0.36,6.75,2.76,0.08,32.25,2.78,0.07,29.0,2.9,-0.08,16.5,2.63,0.09,12.75,2.73,0.09,27.5,3.57,1.87,4.75
164059,25,1,1433,0,3.08,-0.18,0.55,-0.26,0.81,-0.31,3.6,-1.13,12.5,3.79,-1.37,7.5,3.51,-0.96,13.75,3.38,-0.66,13.75,2.72,-0.21,4.25,2.88,-0.13,13.0,2.98,-0.13,18.0,3.07,-0.24,18.0,3.22,-0.3,16.25,3.3,-0.82,16.25,3.51,-0.87,14.25,3.18,-0.66,19.25,3.04,-0.18,20.75,2.81,0.05,25.25,2.7,0.11,30.75
164105,26,1,1463,0,3.07,-0.07,0.46,-0.3,0.6,-0.39,3.66,-0.97,4.75,3.88,-1.07,4.75,3.49,-0.68,8.75,2.74,-0.3,7.25,2.86,-0.37,16.5,2.96,-0.3,21.0,3.34,-0.39,13.75,3.07,-0.11,21.75,3.19,-0.06,19.25,3.57,-0.77,13.0,3.0,-0.15,21.5,2.72,0.26,22.25,2.79,0.22,27.75
164105,26,2,1464,0,3.14,-0.15,0.55,-0.42,0.63,-0.46,3.44,-1.05,8.75,3.6,-1.09,4.25,3.34,-0.41,11.0,2.88,-0.22,7.25,3.04,-0.09,14.0,3.15,-0.04,18.75,3.21,-0.08,17.75,3.16,-0.63,20.0,3.55,-0.8,12.75,3.03,-0.04,22.75
164105,26,3,1465,0,3.19,-0.17,0.57,-0.42,0.56,-0.42,3.49,-0.78,9.5,3.7,-0.67,7.25,3.12,-0.09,10.5,3.21,-0.01,20.0,3.24,0.05,21.25,3.32,0.04,14.75,3.52,-0.89,14.0,3.18,-0.51,20.75,3.04,-0.07,21.75,2.79,0.24,25.75,2.88,0.13,25.75,2.71,0.3,20.5
164105,26,4,1466,0,3.24,-0.18,0.53,-0.38,0.37,-0.33,3.88,-1.1,4.0,3.69,-0.78,8.0,3.5,-0.41,10.25,3.06,0.08,5.75,3.37,0.02,19.25,3.39,0.01,19.5,3.25,0.17,12.25,3.48,-0.74,16.5,3.68,-0.83,13.0,3.94,-0.82,10.75,3.28,-0.14,23.5,3.08,-0.02,21.75,2.89,0.14,25.0
164105,26,5,1467,0,3.29,-0.21,0.51,-0.39,0.26,-0.31,3.62,-0.85,5.25,3.68,-1.02,7.25,3.16,0.22,8.0,3.21,0.39,7.5,3.62,-0.95,13.5,3.92,-0.95,8.0,3.47,-0.74,16.5,3.13,-0.11,23.0,3.28,-0.13,25.75,2.9,0.15,24.0,2.79,0.28,24.25
164111,27,1,1495,0,3.17,-0.16,0.57,-0.31,0.76,-0.38,3.82,-1.28,4.0,3.46,-0.93,9.75,3.33,-0.65,12.75,3.68,-0.8,6.0,3.2,-0.22,17.0,2.91,-0.02,13.75,2.99,0.0,19.25,3.07,0.01,20.0,3.28,-0.95,16.25,3.49,-0.88,14.0,3.69,-0.85,11.25,3.92,-0.91,9.5,2.87,0.02,24.5,2.71,0.18,21.75,2.77,0.14,25.75,3.51,1.97,7.0
164111,27,2,1496,0,3.22,-0.17,0.59,-0.3,0.66,-0.33,3.67,-0.75,7.75,3.55,-0.5,11.25,2.87,-0.13,4.5,3.04,-0.05,10.25,3.18,0.04,15.5,3.28,0.05,17.75,3.39,-0.06,14.25,3.31,-0.8,17.25,3.48,-0.89,14.0,3.69,-0.85,11.75,3.93,-0.9,9.75,2.88,0.05,25.25
164111,27,3,1497,0,3.27,-0.15,0.59,-0.25,0.55,-0.25,3.07,-0.0,7.0,3.22,-0.09,12.75,3.31,-0.07,17.0,3.35,0.02,14.5,3.5,0.13,4.25,3.92,-0.94,8.75,3.48,-0.7,14.75,3.67,-0.82,10.75,2.82,0.02,20.5,2.95,-0.05,22.75
164117,28,1,1555,0,3.18,-0.2,-0.42,-0.41,-0.37,-0.42,3.64,-1.22,6.25,3.84,-1.23,6.25,3.5,-0.99,6.5,3.3,-0.63,7.75,3.17,-0.32,15.0,2.96,-0.1,15.25,3.09,-0.24,17.25,2.51,0.02,6.75,2.65,0.02,11.5,2.78,-0.04,14.5,3.89,-1.05,6.75,3.25,-0.13,17.25
164117,28,2,1556,0,3.15,-0.26,-0.39,-0.49,-0.25,-0.46,3.13,-1.22,13.5,3.36,-1.17,8.75,3.72,-0.84,5.0,3.1,-0.4,20.0,3.03,-0.21,26.5,2.97,-0.06,26.75,2.73,0.19,13.75,2.87,0.1,22.0,2.5,0.42,5.75,3.65,1.71,4.25,3.48,-0.58,16.5,3.14,-0.39,17.25,3.82,1.28,4.25
164117,28,3,1557,0,3.13,-0.23,-0.33,-0.41,-0.1,-0.36,3.27,-0.88,9.75,3.54,-0.69,4.75,3.82,-0.61,5.5,3.98,-0.6,6.5,3.13,-0.17,13.0,2.95,-0.0,23.5,3.0,-0.03,21.25,2.84,0.13,19.25,2.67,0.35,14.75,2.5,0.47,7.0,3.17,2.19,4.5,3.25,2.38,6.0,3.48,-0.64,16.0,3.28,-0.39,20.0,3.4,-0.39,20.5
164117,28,4,1558,0,3.09,-0.22,-0.32,-0.34,-0.05,-0.27,3.45,-1.14,7.5,3.31,-0.86,10.0,3.16,-0.46,12.75,2.88,0.07,22.0,2.99,0.05,18.25,2.79,0.25,21.75,2.67,0.48,17.0,2.5,0.64,6.75,3.35,1.91,7.25,3.46,2.05,7.25,3.61,-1.09,10.5,3.46,-0.93,15.5,3.36,-0.71,17.75,3.25,-0.4,18.5
164117,28,5,1559,0,3.06,-0.19,-0.29,-0.26,0.01,-0.18,3.21,-1.04,7.75,3.09,-0.86,11.25,3.95,-0.77,5.5,2.93,-0.08,16.0,2.61,0.19,11.0,2.71,0.21,24.25,2.74,0.18,28.25,2.79,0.12,24.5,3.02,2.42,5.0,3.13,2.53,4.5,3.36,-0.7,17.75,3.5,-0.72,15.0,3.24,-0.48,17.75,2.71,0.21,20.0,2.77,0.19,24.75
164128,29,1,1580,0,3.18,-0.24,0.42,-0.47,0.4,-0.45,3.22,-1.08,14.5,3.41,-1.05,11.5,3.65,-0.97,6.5,3.91,-0.96,6.0,3.2,-0.31,19.25,3.0,-0.1,17.5,3.12,-0.19,19.75,2.72,-0.08,4.75,2.88,-0.09,12.75,3.41,-0.99,10.5,3.18,-0.62,21.25,3.27,-0.73,18.25
164128,29,2,1581,0,3.24,-0.26,0.49,-0.47,0.45,-0.42,3.63,-0.9,6.5,3.47,-0.63,10.5,3.12,-0.12,12.75,3.22,0.01,22.75,3.25,0.02,24.25,3.32,-0.04,18.25,3.22,-0.56,23.5,3.32,-0.74,22.0,3.47,-0.79,17.5,3.02,-0.09,24.5,3.52,1.96,7.5
164128,29,3,1582,0,3.29,-0.25,0.5,-0.4,0.37,-0.32,3.67,-0.76,4.5,3.47,-0.25,10.75,3.29,0.0,15.75,3.34,-0.02,22.25,3.37,-0.02,20.75,3.65,-0.93,13.25,3.49,-0.76,16.5,3.23,-0.34,23.25,3.35,-0.5,20.5,3.03,-0.03,24.0
164136,30,1,1619,0,3.16,-0.21,0.46,-0.3,0.56,-0.35,3.61,-1.13,7.25,3.8,-1.34,5.0,3.5,-0.87,9.75,3.37,-0.49,12.5,2.87,-0.25,11.5,2.99,-0.23,16.25,3.09,-0.12,18.0,3.22,-0.11,15.5,3.21,-1.07,20.0,3.18,-0.7,21.25
164136,30,2,1620,0,3.21,-0.23,0.52,-0.32,0.57,-0.33,3.7,-0.73,8.25,3.52,-0.42,10.5,2.93,-0.21,10.75,3.03,-0.18,18.75,3.14,-0.14,21.5,3.24,-0.15,22.25,3.35,-0.05,17.75,3.22,-1.04,20.0,3.19,-0.53,22.5,3.06,-0.1,24.75,3.05,-0.1,24.75,3.62,1.78,6.25
164136,30,3,1621,0,3.27,-0.22,0.56,-0.26,0.52,-0.25,3.71,-0.91,6.5,3.97,-0.69,4.0,3.1,-0.16,9.0,3.24,-0.06,18.0,3.31,-0.01,22.25,3.34,0.01,20.0,3.48,0.21,8.0,2.92,0.05,26.75,3.06,-0.07,24.75,2.73,0.34,18.25,2.55,0.5,5.0,3.62,1.77,5.75
164159,31,1,1736,0,3.22,-0.19,0.42,-0.36,0.38,-0.23,3.4,-0.74,15.75,3.53,-0.72,15.75,3.64,-0.68,10.75,3.29,-0.21,15.75,3.17,0.06,14.5,2.87,0.13,4.0,3.04,0.1,9.25,3.39,-1.01,17.0,3.31,-0.8,22.0,3.61,-0.97,11.0,3.25,-0.55,23.25,3.06,0.01,23.0,2.84,0.24,24.75,2.9,0.2,26.5,2.75,0.29,16.5
164159,31,2,1737,0,3.27,-0.2,0.46,-0.34,0.36,-0.19,3.86,-1.14,4.5,3.63,-0.76,11.75,3.49,-0.39,16.75,3.15,-0.01,10.75,3.26,0.03,23.5,3.3,0.03,27.75,3.36,-0.03,24.75,3.32,-0.8,22.25,3.46,-0.82,18.0,3.63,-0.92,13.75,3.89,-1.04,9.25,3.25,-0.56,23.25,2.75,0.26,16.0,2.83,0.23,24.5,2.9,0.2,26.0
164159,31,3,1738,0,3.33,-0.19,0.46,-0.25,0.27,-0.09,3.7,-0.66,6.75,3.98,-0.63,5.5,3.5,-0.24,12.5,3.39,-0.02,20.25,3.28,0.24,12.75,3.35,0.12,20.25,3.44,-0.84,17.75,3.63,-0.91,13.25,3.33,-0.72,23.0,3.26,-0.5,24.0,2.94,0.21,23.25,2.73,0.32,13.5,2.83,0.31,21.25
164206,32,1,1773,0,3.22,-0.2,0.47,-0.27,0.63,-0.23,3.51,-0.67,11.75,3.68,-0.73,8.5,3.38,-0.38,16.0,2.81,-0.24,10.5,2.99,-0.11,11.75,3.29,-0.11,18.5,3.18,0.03,16.25,3.64,-0.87,8.0,3.33,-0.58,18.75,3.23,-0.34,22.25,2.74,0.37,15.5,2.81,0.37,23.5
164213,33,1,1829,0,3.17,-0.24,-0.44,-0.38,-0.41,-0.29,3.26,-0.96,14.5,3.44,-0.86,10.5,3.88,-1.07,4.0,3.68,-0.77,4.75,3.17,-0.42,17.5,3.05,-0.17,21.0,2.9,0.04,16.25,2.97,-0.06,21.75,2.75,0.21,5.75,3.61,-0.82,10.75,2.94,-0.13,12.25,3.04,-0.08,21.0,3.17,-0.1,24.0
164213,33,2,1830,0,3.15,-0.22,-0.37,-0.31,-0.22,-0.22,3.13,-1.69,12.25,3.16,-0.57,20.5,3.31,-0.57,15.0,3.11,-0.35,22.25,3.74,-0.42,5.0,4.01,-0.34,4.75,2.92,0.21,19.25,2.68,0.53,15.0,2.74,0.45,20.75,3.62,-0.89,11.5,3.04,-0.18,20.5,3.15,-0.19,24.25,3.5,-0.24,18.25,2.8,0.55,14.75
164241,34,1,1940,0,3.01,0.05,0.06,-0.26,0.04,-0.18,3.32,-0.62,10.75,3.5,-0.69,7.25,3.04,-0.16,19.0,3.08,-0.05,22.0,3.15,0.08,16.5,2.87,0.25,10.75,2.61,0.4,7.0,3.14,-0.92,17.75,3.25,-0.96,16.0,3.45,-0.89,9.0,2.95,0.26,22.5,2.73,0.4,16.0,2.47,0.64,7.0
164241,34,2,1941,0,3.03,0.03,0.11,-0.26,0.09,-0.16,3.56,-1.88,6.5,3.56,-1.43,7.5,3.3,-1.02,4.5,3.57,-0.92,6.25,3.19,-0.15,11.0,2.81,0.05,9.5,3.05,-0.04,13.25,2.47,0.16,9.0,2.95,0.18,15.25,2.55,0.25,10.0,3.67,1.09,4.5,3.67,1.09,4.5,3.12,-1.0,18.25,3.25,-1.02,17.75,2.52,0.34,10.0
164241,34,3,1942,0,3.04,-0.03,0.16,-0.34,0.18,-0.22,3.41,-1.1,4.5,3.29,-0.95,8.5,2.92,-0.16,15.0,2.55,0.02,7.5,2.73,0.08,14.5,3.05,0.01,14.75,3.18,0.03,10.0,2.63,0.09,15.25,3.15,-0.84,18.75,3.69,-0.87,8.75,3.94,-0.82,8.0,2.99,0.15,23.25
164241,34,4,1943,0,3.12,-0.22,0.29,-0.65,0.31,-0.47,3.56,-1.09,4.75,3.84,-1.22,4.5,3.22,-0.83,19.5,3.31,-0.81,19.0,3.43,-0.76,13.75,3.63,-0.82,4.75,3.13,-0.36,15.75,2.85,-0.04,11.75,2.96,-0.05,15.5,2.71,0.12,4.75,3.27,-0.87,16.0,3.43,-0.95,11.5,3.66,-0.98,8.25,3.92,-0.94,8.0,3.02,0.02,23.25,2.85,0.29,22.75
164241,34,5,1944,0,3.16,-0.28,0.34,-0.68,0.33,-0.46,3.49,-0.72,15.75,3.62,-0.68,9.25,3.38,-0.33,18.0,3.06,-0.11,16.0,2.91,-0.03,8.75,3.18,-0.06,21.75,3.25,-0.06,22.75,3.66,-0.8,8.75,3.02,0.05,23.25
164241,34,6,1945,0,3.21,-0.28,0.38,-0.6,0.32,-0.35,3.13,-0.13,10.75,3.45,-0.22,12.0,3.26,0.04,22.0,3.3,0.05,26.25,3.34,-0.01,23.0,3.06,-0.01,23.5
164241,34,7,1946,0,3.25,-0.28,0.38,-0.52,0.25,-0.24,3.64,-0.7,5.5,3.1,-0.23,9.25,3.23,-0.14,18.0,3.49,-0.24,13.0,3.31,-0.04,21.75,3.38,0.03,20.0,3.46,-0.79,15.75,3.62,-0.87,10.25,3.08,-0.07,23.25,2.84,0.23,21.0,2.95,0.1,24.5
164241,34,8,1947,0,3.28,-0.24,0.34,-0.36,0.13,-0.07,3.74,-0.79,5.5,3.25,0.1,4.0,3.4,0.1,13.5,3.41,0.01,15.5,3.26,0.1,4.0,3.51,0.25,7.0,3.46,-0.78,16.0,2.51,0.24,9.25,2.84,0.11,18.5
164248,35,1,1983,0,3.16,-0.03,0.54,-0.31,0.66,-0.46,3.44,-0.73,9.25,3.7,-0.67,6.75,2.91,-0.2,6.5,3.08,-0.21,15.0,3.22,-0.04,22.0,3.27,0.01,25.25,3.31,0.02,20.0,3.4,-1.2,11.25,3.27,-0.88,14.75,3.74,-0.9,10.75,3.19,-0.26,19.0,2.76,0.21,18.5,2.83,0.18,26.75,2.87,0.13,27.75,3.29,2.0,7.25,3.4,2.16,8.25
164248,35,2,1984,0,3.22,-0.09,0.57,-0.4,0.6,-0.5,3.49,-1.43,5.0,3.5,-0.7,8.5,3.19,-0.15,12.25,3.3,-0.19,13.5,3.07,-0.09,5.5,3.42,-0.06,13.25,3.41,-1.15,11.0,3.3,-0.76,15.0,3.67,-1.04,10.0,3.21,-0.25,18.5,2.6,0.24,4.25,2.81,0.25,27.0,2.75,0.29,19.5,3.38,1.78,5.25
164248,35,3,1985,0,3.26,-0.07,0.56,-0.33,0.48,-0.4,3.4,0.07,18.0,3.49,0.01,10.5,3.25,0.21,13.25,3.34,0.22,18.25,3.38,-1.22,11.0,3.63,-1.16,10.25,3.34,-0.37,16.5,3.23,-0.24,20.0,2.58,0.23,4.0,2.75,0.24,17.25
164255,36,1,2013,0,3.13,-0.14,0.41,-0.26,0.63,-0.26,3.47,-0.84,14.25,3.6,-0.84,8.25,3.36,-0.54,16.75,2.89,-0.22,7.25,3.24,-0.14,20.5,3.07,-0.07,14.5,3.17,-0.06,20.75,3.18,-0.72,18.5,3.94,-0.83,9.5
164255,36,2,2014,0,3.19,-0.17,0.49,-0.29,0.66,-0.26,3.68,-0.79,5.0,2.89,-0.16,5.5,3.03,-0.14,11.75,3.18,-0.12,15.75,3.37,-0.12,16.5,3.51,-0.3,8.75,3.3,-0.1,19.0,3.94,-0.85,8.25,3.22,-0.5,18.75
164255,36,3,2015,0,3.24,-0.17,0.5,-0.25,0.55,-0.2,3.64,-0.66,6.75,3.3,-0.01,11.5,3.4,-0.01,20.75,3.43,-0.01,22.0,3.5,-0.06,15.75,3.67,-0.82,9.0,3.93,-0.88,7.0,3.07,-0.38,19.5,3.5,-0.47,13.75,2.74,0.32,18.25,3.45,2.08,6.0
164255,36,4,2016,0,3.29,-0.19,0.49,-0.25,0.42,-0.18,3.76,-0.79,4.5,3.97,-0.69,4.25,3.38,-0.11,11.25,3.41,-0.12,12.5,3.53,0.19,5.5,3.68,-0.78,9.5,3.93,-0.88,6.5,3.1,-0.45,19.0,3.5,-0.45,13.75,2.91,-0.07,20.0,2.7,0.43,13.0,2.79,0.3,19.75
164255,36,5,2017,0,3.33,-0.2,0.51,-0.25,0.39,-0.16,3.28,0.0,4.5,3.92,-0.92,6.25,3.64,-0.79,9.75,3.14,-0.41,19.75,3.3,-0.4,23.5,3.38,-0.31,23.0,2.92,-0.05,19.5,2.73,0.25,11.5,2.82,0.13,19.5
164301,37,1,2044,0,3.1,-0.04,0.35,-0.3,0.52,-0.47,3.4,-0.94,11.25,3.32,-0.73,16.5,2.69,-0.32,7.25,3.73,-0.4,4.0,2.83,-0.2,12.75,3.24,-0.21,18.25,2.99,0.01,16.0,3.13,-0.07,19.0,3.27,-1.03,19.5,3.62,-0.98,8.25,3.96,-0.71,7.25,2.99,0.06,21.0,2.86,0.15,23.0,2.9,0.14,25.75,3.48,2.04,4.75
164301,37,2,2045,0,3.16,-0.2,0.42,-0.56,0.52,-0.65,2.79,-0.47,8.75,3.24,-0.55,14.25,3.36,-0.66,12.0,3.54,-0.66,9.75,3.69,-0.76,7.75,3.13,-0.33,12.25,2.96,-0.24,10.5,3.31,-0.89,19.75,3.39,-0.95,14.5,3.63,-0.89,7.75,3.96,-0.73,6.5,2.86,0.23,22.25,2.91,0.15,25.5,2.99,0.15,21.0,2.75,0.29,12.75,3.67,1.66,4.25,3.67,1.66,4.5
164301,37,3,2046,0,3.23,-0.24,0.51,-0.6,0.57,-0.63,3.68,-0.86,7.25,3.95,-0.78,4.25,2.89,-0.4,7.5,3.51,-0.53,9.75,3.03,-0.27,15.25,3.17,0.0,18.75,3.35,0.04,16.75,3.26,0.11,20.5,3.22,-0.85,20.25,3.3,-0.91,20.75,3.38,-0.98,15.5,3.58,-1.02,8.25,3.9,-0.99,5.75,2.75,0.25,12.75,2.89,0.25,24.0,2.84,0.28,22.0
164301,37,4,2047,0,3.28,-0.23,0.53,-0.53,0.5,-0.51,3.72,-0.61,5.0,3.05,-0.23,4.5,3.22,-0.17,11.25,3.54,-0.17,7.75,3.34,0.06,15.5,3.39,0.28,15.75,3.38,-1.02,16.5,3.56,-1.09,10.25,3.3,-0.92,21.25,3.89,-1.05,6.75,3.23,-0.71,20.5,2.77,0.16,12.0,2.85,0.26,22.25,2.89,0.23,24.25
164301,37,5,2048,0,3.32,-0.21,0.53,-0.44,0.4,-0.38,3.26,-0.26,7.75,3.38,0.05,15.75,3.42,0.14,17.0,3.5,0.28,10.25,3.34,-0.77,21.75,3.43,-0.85,17.0,3.61,-0.91,11.0,3.25,-0.65,21.25,3.93,-0.86,6.75,3.05,-0.05,20.75,2.77,0.19,12.0,2.86,0.25,22.75,2.89,0.23,25.25
164301,37,6,2049,0,3.37,-0.19,0.53,-0.36,0.33,-0.27,3.6,-0.14,4.0,3.36,0.27,5.75,3.45,0.2,7.0,3.43,-0.88,16.5,3.9,-1.01,7.25,3.27,-0.61,20.25,3.36,-0.66,21.0,3.64,-0.82,11.25,3.11,-0.18,18.75
164307,38,1,2076,0,3.22,-0.11,0.49,-0.31,0.64,-0.37,3.65,-0.83,11.75,3.91,-0.95,6.25,3.48,-0.77,15.5,3.65,-0.83,11.75,2.85,-0.17,4.25,3.09,0.03,9.0,3.25,-0.0,18.25,3.31,-0.02,24.0,3.37,-0.04,21.0,3.46,-0.91,16.5,3.64,-1.02,13.25,2.76,0.3,14.5,2.85,0.28,24.75
164307,38,2,2077,0,3.27,-0.12,0.53,-0.3,0.58,-0.33,3.67,-0.61,9.0,3.09,-0.18,6.25,3.5,-0.26,14.5,3.35,0.08,22.0,3.39,0.04,21.5,3.27,0.11,15.25,3.46,-0.95,17.25,3.63,-0.98,13.75,3.94,-0.85,10.0,2.91,0.23,26.25,2.75,0.34,13.75,2.85,0.3,23.75
164307,38,3,2078,0,3.32,-0.11,0.55,-0.25,0.51,-0.25,3.65,-0.62,5.5,3.31,0.08,14.5,3.39,0.08,23.5,3.41,0.09,24.25,3.47,0.11,16.5,3.5,-0.68,18.25,3.65,-0.81,13.75,3.95,-0.81,9.0,3.29,-0.16,23.25,3.4,-0.25,22.25,2.86,0.01,17.25
164313,39,1,2146,0,3.3,-0.01,0.47,-0.28,0.32,-0.29,3.63,-0.83,6.75,3.89,-1.04,5.75,3.31,-0.1,12.5,3.4,0.01,21.25,3.44,0.13,23.5,3.49,0.17,18.0,3.0,0.28,23.75,3.15,0.12,26.0,2.87,0.39,18.25
164313,39,2,2147,0,3.33,-0.04,0.41,-0.3,0.16,-0.28,3.12,-0.11,6.5,3.52,-0.28,9.25,3.58,-0.05,8.75,3.29,0.36,4.25,3.02,0.19,23.25,3.16,0.14,26.25,2.87,0.36,17.5
164325,40,1,2168,0,3.33,-0.14,-0.37,-0.34,-0.48,-0.23,3.51,-0.73,15.75,3.63,-0.74,10.0,3.09,-0.14,8.75,3.29,-0.13,20.75,3.39,-0.27,17.5,3.23,-0.08,17.25,3.65,-0.74,13.0,3.94,-0.85,6.5,3.53,-0.2,18.0,3.42,0.04,23.25
164325,40,2,2169,0,3.25,-0.23,-0.49,-0.45,-0.55,-0.3,3.76,-1.45,7.25,3.29,-1.14,9.0,3.49,-1.1,11.0,3.57,-1.3,8.75,2.72,-0.11,4.5,2.99,-0.2,16.25,3.07,-0.14,18.5,2.86,-0.06,12.5,3.14,-0.08,13.25,3.91,-0.95,8.75,3.66,-0.71,13.5,3.07,-0.24,11.0,3.54,-0.26,18.25,3.42,-0.0,22.5
164325,40,3,2170,0,3.21,-0.31,-0.47,-0.55,-0.43,-0.37,3.75,-1.48,4.5,3.62,-1.09,5.5,3.31,-0.74,13.25,3.51,-0.62,9.5,3.68,-0.83,5.25,2.93,-0.15,19.75,2.97,-0.19,26.25,3.0,-0.19,25.25,3.13,-0.1,17.0,2.79,0.02,6.0,3.87,-1.11,8.25,3.66,-0.7,12.5,3.54,-0.24,18.0
164325,40,4,2171,0,3.18,-0.29,-0.41,-0.47,-0.26,-0.29,3.38,-1.24,8.25,3.69,-0.95,4.75,3.32,-0.73,10.25,3.96,-0.76,6.0,3.16,-0.07,14.5,2.87,0.21,19.0,2.93,0.17,23.25,3.0,0.1,20.25,2.73,0.34,9.5,3.63,1.74,4.0,3.67,-0.7,13.75,3.95,-0.81,7.5,3.55,-0.42,17.0
164325,40,5,2172,0,3.14,-0.3,-0.39,-0.43,-0.17,-0.23,3.24,-0.97,14.75,3.36,-1.08,9.75,3.17,-0.25,19.75,3.07,-0.09,23.75,2.98,0.1,22.5,2.86,0.32,18.25,2.72,0.44,8.0,3.37,2.2,4.25,3.92,-0.91,8.25,3.68,-0.67,13.0
164325,40,6,2173,0,3.11,-0.29,-0.35,-0.37,-0.07,-0.16,3.25,-0.78,10.5,3.12,-0.46,16.25,3.54,-0.54,4.25,2.97,0.02,23.75,3.02,-0.08,22.5,2.91,0.11,17.75,2.74,0.39,5.25,3.69,-0.62,12.5,3.07,-0.12,25.25
164330,41,1,2212,0,3.3,-0.18,-0.4,-0.36,-0.48,-0.28,3.59,-1.16,4.25,3.45,-0.89,8.5,3.29,-0.68,12.5,3.01,-0.18,19.25,3.09,-0.19,21.5,3.19,-0.12,19.0,2.9,-0.08,12.25,3.6,-0.77,12.75,3.22,-0.04,17.5
164330,41,2,2213,0,3.27,-0.23,-0.36,-0.43,-0.32,-0.33,3.82,-1.27,4.5,3.65,-0.85,5.0,3.34,-0.74,14.0,3.49,-0.73,12.0,3.21,-0.26,16.5,2.99,0.05,17.75,3.1,0.01,19.5,2.7,0.18,8.0,2.84,0.13,14.0,2.84,0.08,13.25,2.7,0.23,7.0
164330,41,3,2214,0,3.23,-0.16,-0.4,-0.25,-0.31,-0.14,3.55,-0.65,5.5,3.13,-0.13,18.5,3.04,0.06,24.25,3.3,0.05,8.75,2.97,0.26,24.75,2.74,0.43,7.0,2.89,0.35,19.0,3.73,1.53,4.0,3.36,0.02,22.75,2.71,0.24,8.25,2.83,0.12,14.75
164345,42,1,2255,0,3.0,0.08,0.1,-0.38,0.15,-0.41,3.29,-1.04,5.0,3.16,-0.84,4.25,3.02,-0.11,8.0,2.85,0.09,8.25,2.92,0.05,11.75,2.8,0.21,12.0,2.9,0.15,25.5,2.93,0.15,30.25,2.98,0.16,26.25
164345,42,2,2256,0,3.0,0.05,0.11,-0.4,0.16,-0.39,2.89,0.08,12.25,2.98,0.01,6.75,2.84,0.17,10.5,2.79,0.23,11.75,2.9,0.22,25.0,2.93,0.21,30.0,2.98,0.18,26.5
164345,42,3,2257,0,3.03,0.0,0.15,-0.44,0.19,-0.4,3.38,-0.65,7.0,2.96,-0.01,15.75,3.01,0.09,14.0,2.88,0.14,11.25,3.17,0.21,6.5,2.79,0.23,12.25,2.9,0.2,25.25,2.93,0.18,29.75,2.98,0.15,26.25
164345,42,4,2258,0,3.03,0.08,0.16,-0.28,0.19,-0.23,3.46,-0.21,4.5,3.02,0.24,6.25,2.79,0.55,8.5,2.85,0.53,10.5,2.79,0.27,10.5,2.9,0.23,24.5,2.99,0.12,26.25,2.79,0.27,10.75
164348,43,1,2279,0,3.1,0.03,0.3,-0.34,0.31,-0.3,3.44,-0.89,9.5,3.67,-0.84,4.75,3.67,-0.84,4.75,2.88,-0.13,10.25,3.34,-0.14,14.75,3.04,-0.07,16.0,3.15,0.05,20.5,3.23,0.05,20.0,3.31,-0.85,17.25,3.45,-0.79,13.25,3.66,-0.81,6.5
164348,43,2,2280,0,3.19,-0.08,0.5,-0.52,0.57,-0.45,3.44,-0.74,13.25,3.64,-0.78,8.75,2.94,-0.23,8.0,3.12,-0.11,18.75,3.31,-0.16,21.75,3.21,-0.03,27.5,3.23,-0.05,28.75,3.8,-1.35,7.25,3.61,-1.0,7.25,3.67,1.66,4.5
164348,43,3,2281,0,3.26,-0.12,0.56,-0.54,0.54,-0.42,3.66,-0.7,9.5,3.98,-0.62,4.0,3.5,-0.22,14.75,3.09,-0.06,7.25,3.26,-0.03,15.0,3.37,0.08,22.0,3.4,0.08,22.25,3.84,-1.22,9.0,3.65,-0.8,12.25,3.74,1.49,4.5
164348,43,4,2282,0,3.32,-0.11,0.54,-0.44,0.4,-0.28,3.85,-1.2,4.0,3.6,-0.41,7.5,3.33,0.17,13.0,3.44,0.13,26.0,3.44,0.12,29.0,3.47,0.12,22.75,3.64,-0.87,12.5,3.89,-1.05,9.0,3.37,0.22,24.5,2.77,0.37,9.75
164348,43,5,2283,0,3.34,-0.13,0.45,-0.41,0.17,-0.23,3.18,-0.76,6.0,3.38,-0.2,13.5,3.43,0.09,14.75,3.5,0.25,9.0,3.83,-1.25,9.5,3.62,-0.96,13.75,3.38,0.11,25.0,2.74,0.43,8.75
164348,43,6,2284,0,3.37,-0.11,0.33,-0.31,-0.09,-0.1,3.68,-0.82,9.25,3.94,-0.82,7.0,3.54,0.08,14.75,3.46,0.2,19.0,3.41,0.35,16.0,3.21,0.71,4.75,3.65,-0.97,15.75,3.89,-1.06,13.0,3.19,0.05,25.5,3.32,0.07,28.5
164348,43,7,2285,0,3.37,-0.18,0.22,-0.38,-0.26,-0.15,3.64,-1.15,5.0,3.5,-0.89,5.25,3.39,-0.34,9.0,3.25,0.09,4.25,3.33,0.11,11.0,3.66,-0.85,16.0,3.9,-0.99,12.75,3.33,0.08,29.25
164354,44,1,2327,0,3.31,-0.27,-0.37,-0.35,-0.42,-0.25,3.5,-1.47,6.25,3.79,-1.36,5.0,3.47,-0.92,9.0,3.37,-0.64,11.75,2.88,-0.38,8.75,3.01,-0.21,15.75,3.19,-0.3,13.0,3.07,-0.08,18.25,3.94,-0.83,11.5
164354,44,2,2328,0,3.3,-0.24,-0.24,-0.29,-0.11,-0.2,3.79,-1.35,4.5,3.48,-0.71,4.75,3.15,-0.1,16.5,3.33,-0.3,11.75,2.94,0.15,16.25,2.99,0.12,24.5,3.02,0.16,23.75,3.02,-0.07,22.5,3.13,-0.06,22.75
164402,45,1,2363,0,3.29,-0.14,-0.49,-0.27,-0.77,-0.2,3.49,-2.0,4.5,3.57,-1.03,7.25,3.47,-0.64,13.75,2.92,-0.15,5.0,3.35,-0.3,19.25,3.1,-0.02,14.5,3.19,0.03,22.25,3.26,-0.04,23.0,3.62,-0.45,14.0,3.33,0.1,12.5,3.45,0.05,26.25,3.47,0.05,30.25,3.5,0.03,25.75
164402,45,2,2364,0,3.25,-0.19,-0.5,-0.32,-0.66,-0.23,3.83,-1.25,4.5,3.39,-0.36,13.25,3.5,-0.56,9.0,2.88,-0.06,12.25,2.95,-0.04,16.75,3.08,-0.08,15.75,3.25,-0.03,14.75,3.61,-0.63,15.0,3.44,0.05,26.25,3.47,0.03,30.5,3.51,-0.03,25.75,3.27,0.11,14.75
164402,45,3,2365,0,3.2,-0.21,-0.49,-0.34,-0.52,-0.23,3.66,-1.67,7.25,3.53,-1.55,6.25,3.5,-0.88,6.75,3.35,-0.54,9.5,2.99,-0.14,18.0,3.05,-0.12,18.75,2.89,-0.0,12.5,3.17,-0.01,14.0,2.71,0.19,4.75,3.89,-1.05,10.25,3.62,-0.72,16.0,3.02,-0.1,18.25,2.91,-0.05,10.75,3.18,-0.08,19.75,3.38,0.05,24.75
164402,45,4,2366,0,3.2,-0.22,-0.37,-0.32,-0.24,-0.21,3.45,-0.9,10.0,3.32,-0.68,13.25,3.75,-0.56,5.75,3.99,-0.55,6.0,3.19,-0.14,18.0,3.09,-0.05,20.75,2.98,0.11,19.5,2.71,0.4,7.75,2.85,0.3,15.25,3.52,1.96,4.0,3.61,-0.9,15.0,3.88,-1.09,10.5,3.15,-0.07,20.5
164402,45,5,2367,0,3.17,-0.19,-0.34,-0.25,-0.13,-0.13,3.29,-1.05,12.75,3.46,-0.88,12.0,3.13,0.0,17.0,2.98,0.27,25.0,3.02,0.14,24.5,2.9,0.42,18.25,2.72,0.54,5.0,3.61,-0.95,15.25,3.89,-1.05,11.0,3.08,0.04,27.0,3.29,-0.05,25.0
164409,46,1,2387,0,3.33,-0.1,0.5,-0.26,0.42,-0.22,3.7,-0.7,12.75,3.96,-0.73,7.5,3.56,-0.23,14.75,3.05,-0.03,5.0,3.38,0.1,18.0,3.44,0.05,20.0,3.24,0.14,11.25,3.37,-0.33,20.75,2.98,0.16,22.5,2.84,0.31,18.5
164416,47,1,2470,0,3.22,-0.12,0.17,-0.34,0.12,-0.33,3.55,-1.2,7.0,3.83,-1.25,4.75,3.35,-0.85,14.75,3.47,-0.85,12.75,3.03,0.08,18.5,3.08,0.08,20.75,3.19,-0.05,16.0,2.92,0.12,10.25,3.32,-0.67,21.25,3.17,-0.07,25.25,2.79,0.2,5.25,2.95,0.22,20.25,3.02,0.18,29.0
164416,47,2,2471,0,3.28,-0.21,0.29,-0.47,0.28,-0.41,3.85,-1.18,4.25,3.61,-0.87,9.75,3.49,-0.73,15.5,3.37,-0.37,18.25,2.92,0.08,4.25,3.09,0.05,14.0,3.19,0.0,21.0,3.25,-0.06,22.25,3.97,-0.65,4.75,2.79,0.22,5.25,2.95,0.21,20.0,3.02,0.17,29.0
164416,47,3,2472,0,3.33,-0.19,0.33,-0.4,0.3,-0.32,3.86,-1.16,4.25,3.76,-0.64,7.75,3.26,0.13,9.75,3.34,0.2,16.0,3.38,0.26,15.0,3.55,0.18,8.25,3.99,-0.59,6.0,2.78,0.23,5.75,2.94,0.23,20.0,3.02,0.17,29.25
164416,47,4,2473,0,3.36,-0.21,0.34,-0.4,0.25,-0.28,3.3,-0.33,12.25,3.39,-0.19,21.75,3.42,-0.1,23.0,3.48,-0.0,16.25,4.01,-0.42,6.5,2.79,0.24,5.75,2.94,0.24,20.25
164416,47,5,2474,0,3.39,-0.21,0.33,-0.33,0.18,-0.2,3.97,-0.68,5.5,3.68,-0.47,10.25,3.52,-0.14,16.5,3.32,0.1,9.5,3.41,0.03,20.0,3.44,0.02,22.0,3.68,-0.65,13.25,3.96,-0.75,8.0
164416,47,6,2475,0,3.42,-0.2,0.32,-0.29,0.12,-0.14,3.23,-0.19,7.0,3.37,-0.26,12.0,3.49,-0.12,15.25,3.55,-0.01,13.5,3.68,0.29,4.25,3.67,-0.81,14.25,3.94,-0.86,10.25,3.01,0.03,21.5
164433,48,1,2509,0,3.17,-0.1,0.36,-0.27,0.49,-0.26,3.42,-0.71,7.5,3.31,-0.33,17.5,3.26,-0.18,22.75,2.88,0.08,5.0,3.09,0.08,12.25,3.21,-0.09,20.75,3.42,-0.9,14.5,3.63,-0.87,7.75,3.86,-1.14,6.0,3.16,-0.01,23.0,2.92,0.21,21.0,3.0,0.17,28.0,3.04,0.14,28.5
164433,48,2,2510,0,3.25,-0.11,0.51,-0.27,0.64,-0.24,3.83,-1.24,4.0,3.67,-0.92,6.75,3.49,-0.18,10.25,3.1,-0.02,11.75,3.35,0.08,20.5,3.23,0.11,19.25,3.3,0.13,23.5,3.66,-0.77,8.25,3.18,0.02,24.25,3.05,0.15,28.75
164433,48,3,2511,0,3.31,-0.15,0.55,-0.32,0.59,-0.26,3.93,-0.9,4.75,3.65,-0.65,10.0,3.42,-0.15,22.0,3.51,-0.28,17.0,3.09,0.08,4.75,3.27,-0.01,15.25,3.36,-0.08,21.75,3.18,-0.01,24.0,2.93,0.22,20.5,3.0,0.18,28.0,3.05,0.14,28.75
164433,48,4,2512,0,3.36,-0.15,0.54,-0.27,0.46,-0.19,3.62,-0.44,8.25,3.32,-0.06,9.25,3.45,0.0,21.0,3.48,0.02,25.25,3.5,0.01,20.5,3.62,-0.76,9.75,3.23,0.03,24.5,3.41,-0.02,24.0,3.51,-0.11,19.5,3.06,0.13,28.75
164447,49,1,2659,0,3.3,-0.15,0.4,-0.36,0.45,-0.29,3.93,-0.91,6.5,3.59,-0.7,18.25,3.65,-0.75,15.75,3.44,-0.21,16.25,3.11,-0.08,6.75,3.23,0.06,16.75,3.28,0.09,20.0,3.54,-0.81,14.75,3.89,-1.04,9.5,3.34,-0.72,16.0,3.54,-0.81,14.75,2.93,0.34,21.0
164447,49,2,2660,0,3.34,-0.12,0.44,-0.28,0.44,-0.19,3.61,-0.43,6.0,3.14,-0.08,4.25,3.32,0.07,19.0,3.39,0.09,28.25,3.41,0.09,29.25,3.46,0.12,21.5,3.89,-1.04,11.0,3.65,-0.81,14.5,3.52,-0.35,19.5,2.92,0.36,20.25,2.99,0.33,27.5
164507,50,1,2697,0,3.25,0.02,0.53,-0.36,0.65,-0.46,3.47,-0.89,9.75,3.65,-0.92,7.25,3.38,-0.16,15.0,3.06,0.09,10.25,3.18,0.09,15.25,3.28,-0.09,17.25,3.66,-0.76,8.0,3.08,0.1,25.75,2.91,0.24,18.75,2.99,0.22,25.0
164507,50,2,2698,0,3.32,-0.04,0.57,-0.43,0.58,-0.48,3.68,-0.7,9.75,3.98,-0.65,5.75,3.52,-0.18,14.5,3.29,0.03,12.5,3.37,0.08,20.0,3.41,0.03,20.5,3.87,-1.12,7.75,3.53,-0.43,17.25,3.71,-0.33,11.5,3.01,0.25,24.25,3.09,0.1,26.0,2.89,0.42,16.5
164507,50,3,2699,0,3.37,-0.06,0.55,-0.43,0.43,-0.43,3.45,-0.01,17.25,3.49,-0.04,22.0,3.53,-0.07,19.5,3.66,-0.03,8.75,3.31,0.11,6.0,3.88,-1.09,7.75,3.02,0.25,23.75,2.89,0.45,16.0
164507,50,4,2700,0,3.41,-0.1,0.5,-0.46,0.27,-0.41,3.93,-0.88,4.0,3.27,-0.34,5.75,3.64,-0.57,6.25,3.44,-0.06,16.25,3.47,-0.0,20.5,3.51,-0.02,16.5,3.54,-0.36,20.5,3.67,-0.47,13.75,2.92,0.24,12.5,2.69,0.29,5.25
164507,50,5,2701,0,3.45,-0.1,0.48,-0.4,0.19,-0.33,3.42,0.11,9.25,3.47,0.14,13.0,3.52,0.19,8.75,3.47,-0.21,25.75,3.52,-0.25,23.25,3.64,-0.31,13.5,2.7,0.26,4.5,2.91,0.2,12.0,2.7,0.26,4.5
164507,50,6,2702,0,3.47,-0.11,0.4,-0.38,0.03,-0.28,3.55,-0.12,10.0,3.43,0.06,7.5,3.5,-0.05,12.5,3.65,-0.38,13.5,3.53,-0.14,22.25,3.03,0.06,18.25,3.17,-0.02,21.25,3.46,-0.1,25.5,2.91,0.13,11.5
164507,50,7,2703,0,3.48,-0.1,0.3,-0.31,-0.13,-0.19,3.5,0.05,10.5,3.56,0.05,7.5,3.41,0.17,5.0,3.98,-0.65,7.75,3.65,-0.37,14.0,2.93,0.06,7.0,3.07,0.0,16.25,3.2,-0.01,20.75,3.36,-0.06,24.0,3.47,-0.08,26.5,3.53,-0.11,22.75
164507,50,8,2704,0,3.49,-0.09,0.23,-0.25,-0.23,-0.13,3.6,-0.02,4.0,3.49,0.22,5.75,3.65,-0.42,13.75,3.26,-0.11,14.25,3.42,-0.12,22.0,3.07,-0.03,9.25,3.48,-0.06,26.0,3.53,-0.07,22.5
164519,51,1,2736,0,3.17,-0.07,0.37,-0.27,0.68,-0.33,3.68,-0.8,5.5,2.86,-0.28,5.75,3.5,-0.46,9.5,3.04,-0.11,11.75,3.29,-0.11,19.0,3.37,-0.23,16.5,3.18,0.01,17.0,2.96,0.07,25.5,3.05,-0.08,25.0
164519,51,2,2737,0,3.25,-0.13,0.52,-0.36,0.79,-0.37,3.92,-0.93,4.5,3.53,-0.79,9.0,3.7,-0.81,7.5,3.06,-0.05,7.75,3.18,0.09,13.25,3.39,-0.05,11.75,3.26,0.23,15.0,3.06,-0.11,24.75,2.9,0.04,19.75,2.98,-0.06,24.75
164519,51,3,2738,0,3.31,-0.14,0.59,-0.34,0.75,-0.32,3.65,-0.74,6.75,3.52,-0.14,13.5,3.39,0.11,17.75,3.43,0.03,19.25,3.28,0.18,9.5,2.97,0.08,23.5,3.07,-0.07,23.5,2.88,0.14,19.5
164519,51,4,2739,0,3.37,-0.15,0.59,-0.32,0.6,-0.27,3.92,-0.93,4.75,3.69,-0.67,5.25,3.51,0.03,15.0,3.56,-0.02,13.25,3.43,0.17,9.5,2.97,0.08,23.5,3.07,-0.03,23.0,2.89,0.09,18.75
164519,51,5,2740,0,3.43,-0.17,0.58,-0.31,0.45,-0.24,3.93,-0.86,7.0,3.73,-0.34,9.0,3.42,0.06,8.0,3.54,-0.0,14.0,3.6,-0.05,14.0,3.92,-0.92,8.0,2.97,0.1,22.0
164525,52,1,2768,0,3.33,-0.11,0.52,-0.29,0.61,-0.31,3.62,-0.63,12.5,3.7,-0.71,12.25,3.98,-0.65,5.5,3.01,-0.19,6.0,3.2,0.05,9.75,3.32,0.09,14.75,3.42,0.16,12.75,3.69,-0.68,12.0,3.38,-0.53,19.75,3.2,-0.14,20.75
164525,52,2,2769,0,3.39,-0.1,0.55,-0.26,0.54,-0.25,3.95,-0.8,6.25,3.68,-0.33,10.0,3.49,0.08,21.25,3.54,0.03,18.25,3.45,0.12,17.25,3.27,0.33,4.25,3.67,-0.62,12.5,3.94,-0.84,8.25,3.54,-0.35,19.0,3.26,-0.14,20.75,3.44,-0.27,22.25
164531,53,1,2808,0,3.36,-0.21,-0.42,-0.26,-0.85,-0.19,3.75,-1.48,6.75,3.22,-1.03,9.5,3.44,-0.82,15.25,3.61,-0.97,11.5,3.53,-0.79,15.5,2.88,0.13,6.25,2.99,0.2,12.5,3.05,0.34,13.75,3.18,0.7,9.75,2.84,-0.25,4.75
164537,54,1,2824,0,3.27,-0.19,0.33,-0.29,0.57,-0.3,3.36,-0.8,11.0,3.24,-0.54,12.0,3.56,-0.63,10.5,3.71,-0.53,7.0,2.87,-0.09,5.25,3.12,-0.13,12.0,2.99,-0.04,10.25,3.91,-0.99,7.5,3.52,-0.69,17.75,3.66,-0.62,11.25,3.36,-0.5,18.25,3.17,0.08,24.0,3.0,0.26,28.25,3.05,0.21,29.0
164537,54,2,2825,0,3.33,-0.23,0.42,-0.34,0.61,-0.31,3.5,-0.64,11.75,3.67,-0.74,7.75,3.42,-0.16,16.75,3.25,0.09,10.75,3.35,-0.02,16.75,3.89,-1.03,6.75,3.36,-0.65,17.75,3.53,-0.68,17.75,3.66,-0.62,12.0,3.16,0.08,23.25
164537,54,3,2826,0,3.36,-0.25,0.44,-0.35,0.53,-0.29,3.59,-1.11,5.25,3.53,-0.36,11.0,3.37,-0.11,14.75,3.43,-0.16,15.75,3.27,-0.02,7.5,3.92,-0.94,6.0,3.39,-0.63,17.0,3.54,-0.68,17.5,3.65,-0.64,11.75,3.16,0.21,22.0
164537,54,4,2827,0,3.4,-0.23,0.45,-0.26,0.45,-0.18,3.68,-0.34,8.75,3.45,0.07,14.0,3.5,0.07,19.0,3.56,-0.01,16.5,3.89,-1.03,6.5,3.63,-0.65,11.75,3.25,-0.03,22.75
164537,54,5,2828,0,3.44,-0.31,0.44,-0.37,0.36,-0.25,3.19,-1.12,5.75,3.45,-0.62,9.25,3.58,-0.17,8.5,3.64,-0.78,12.0,3.94,-0.82,8.5,3.43,-0.17,23.25
164553,55,1,2911,0,3.45,-0.2,0.4,-0.41,0.11,-0.35,3.19,-0.55,7.25,3.25,-0.74,12.25,3.35,-0.68,11.25,3.55,-0.15,7.75,3.66,-0.29,11.75,3.43,-0.02,25.25,3.52,-0.04,21.75,3.19,0.16,23.0,3.04,0.35,18.5
164553,55,2,2912,0,3.47,-0.2,0.28,-0.37,-0.11,-0.27,3.9,-1.01,5.75,3.57,-0.19,8.25,3.73,-0.32,10.5,3.68,-0.08,14.0,3.31,0.36,7.25,3.66,-0.4,11.0,3.42,-0.01,25.75,3.51,-0.06,21.5,2.91,0.39,9.0,3.05,0.29,17.75
164553,55,3,2913,0,3.49,-0.25,0.19,-0.39,-0.27,-0.26,3.77,-0.86,7.25,3.91,-0.95,6.5,3.36,0.0,4.25,3.64,-0.01,6.5,3.49,0.2,7.75,3.86,-1.16,9.25,3.67,-0.24,12.25,3.43,0.06,26.25,3.52,0.03,22.25
164553,55,4,2914,0,3.5,-0.21,0.12,-0.28,-0.34,-0.15,3.75,-0.14,5.0,3.56,0.21,8.25,3.62,0.19,9.5,3.94,-0.84,8.0,3.67,-0.14,12.5,3.43,0.06,26.5,3.52,0.07,22.25
164610,56,1,3010,0,3.3,-0.21,-0.4,-0.38,-0.32,-0.3,3.27,-1.13,14.75,3.4,-1.17,14.25,3.59,-0.96,8.5,2.96,0.06,9.0,3.09,0.05,23.5,3.17,-0.06,18.75,3.06,0.11,20.75,3.93,-0.9,10.5,3.67,-0.64,15.0,3.16,-0.09,22.75,3.46,0.08,24.75,3.56,-0.04,22.0
164610,56,2,3011,0,3.27,-0.23,-0.38,-0.38,-0.24,-0.29,3.47,-0.88,12.5,3.35,-0.68,14.5,3.66,-0.67,6.5,3.23,-0.21,17.0,3.09,0.1,18.75,2.89,0.56,19.0,2.66,0.73,6.75,2.78,0.71,16.5,3.66,-0.64,14.75,3.07,-0.02,19.0,3.16,0.03,23.75,3.3,0.11,23.75
164617,57,1,3062,0,3.26,0.07,0.48,-0.27,0.57,-0.39,3.54,-0.44,9.25,3.71,-0.55,6.5,3.09,0.0,12.5,3.18,0.05,19.5,3.24,0.09,19.75,3.36,-0.06,15.0
164617,57,2,3063,0,3.33,0.01,0.55,-0.36,0.58,-0.44,3.93,-0.86,4.25,3.76,-0.59,7.0,3.07,-0.0,5.25,3.22,0.06,12.75,3.33,0.1,16.75,3.39,0.06,16.5,3.53,-0.06,8.0,3.47,-0.62,15.25,3.34,-0.42,21.5
164617,57,3,3064,0,3.38,0.0,0.54,-0.35,0.45,-0.38,3.51,-1.06,5.25,3.33,0.08,13.25,3.43,0.06,24.75,3.45,0.06,27.5,3.47,0.11,22.0,3.54,0.72,5.5,3.63,-0.92,10.25
164617,57,4,3065,0,3.43,0.0,0.54,-0.32,0.37,-0.32,3.94,-0.83,7.25,3.47,0.08,22.5,3.49,0.09,28.0,3.34,0.14,7.75,3.5,0.13,24.75,3.57,0.61,9.5,3.64,-0.88,10.0,3.89,-1.04,8.0,3.04,0.27,19.5,2.91,0.33,11.25
164617,57,5,3066,0,3.48,-0.13,0.51,-0.53,0.24,-0.47,3.28,-0.67,6.5,3.94,-0.84,4.25,3.46,-0.45,8.75,3.56,-0.55,7.75,3.92,-0.92,9.75,3.65,-0.63,14.5,2.92,0.35,12.0,3.03,0.32,20.25
164617,57,6,3067,0,3.5,-0.1,0.42,-0.41,0.06,-0.32,3.59,0.07,6.75,3.37,0.23,8.5,3.44,0.28,9.0,3.91,-0.97,10.5,3.64,-0.71,15.0
164617,57,7,3068,0,3.53,-0.11,0.4,-0.38,0.02,-0.27,3.54,0.09,6.5,3.6,0.1,7.0,3.91,-0.95,10.5,3.64,-0.61,16.0
164634,58,1,3101,0,3.17,-0.2,-0.27,-0.3,-0.03,-0.01,3.36,-0.68,15.0,3.45,-0.71,10.25,3.12,-0.49,14.25,2.94,0.14,20.5,2.97,0.19,27.5,2.97,0.23,25.75,3.92,-0.91,6.25,2.94,0.19,17.5
164634,58,2,3102,0,3.14,-0.39,-0.28,-0.6,-0.03,-0.27,2.87,-0.91,13.0,3.43,-1.07,11.0,3.58,-1.08,5.25,3.35,-0.98,11.75,3.03,-0.61,15.25,3.19,-0.47,10.25,2.68,1.04,10.5,2.63,1.29,14.0,3.94,-0.85,6.0,2.94,0.19,17.75
